Id,Organization,License,CertificateCode,CertificateType,CertifiedStatus,Role,Country,CertifiedForestArea,FirstIssueDate,LastIssueDate,ExpiryDate,SuspensionDate,TerminatedDate,Address_City,Address_State,Address_Street,Address_PostalCode,CertificateUrl,SalesActivityStatus
a02f300000gIoDNAA0,Abadi,FSC-C140552,SA-FM/COC-006782,FM/COC,Valid,Site,INDONESIA,455.80 ha,2019-02-22T00:00:00,2024-02-22T00:00:00,2029-02-21T00:00:00,,,,Province of Jambi,"Jl. Anggrek Poros, Village of Suka Damai, Subdisctrict of Rimbo Ulu",,https://search-api.fsc.org/api/v1/Certification/a02f300000gIoDNAA0/PrintFile?culture=en,
a02f300000gIoDNAA0,Anggrek Sejahtera,FSC-C140552,SA-FM/COC-006782,FM/COC,Valid,Expired site,INDONESIA,455.80 ha,2019-02-22T00:00:00,2024-02-22T00:00:00,2029-02-21T00:00:00,,,,Province of Jambi,"Jl. Anggrek Poros, Village of Suka Damai, Subdisctrict of Rimbo Ulu",,https://search-api.fsc.org/api/v1/Certification/a02f300000gIoDNAA0/PrintFile?culture=en,
a02f300000gIoDNAA0,Bahagia,FSC-C140552,SA-FM/COC-006782,FM/COC,Valid,Site,INDONESIA,455.80 ha,2019-02-22T00:00:00,2024-02-22T00:00:00,2029-02-21T00:00:00,,,,Province of Jambi,"Jl. Anggrek Poros, Village of Suka Damai, Subdisctrict of Rimbo Ulu",,https://search-api.fsc.org/api/v1/Certification/a02f300000gIoDNAA0/PrintFile?culture=en,
a02Do000001456xIAA,BambooCoop,FSC-C188646,SCS-FM/COC-009836,FM/COC,Terminated,Certificate holder,INDONESIA,121.99 ha,2023-09-28T00:00:00,2025-09-22T00:00:00,,,2025-09-22T00:00:00,,Provinsi Nusa Tenggara Timur,"Jalan Padang, Desa Batu Cermin, Kecamatan Komodo",86763,https://search-api.fsc.org/api/v1/Certification/a02Do000001456xIAA/PrintFile?culture=en,
a02f300000e0UG9AAM,CV DIPANTARA,FSC-C137288,BV-FM/COC-137288,FM/COC,Valid,Certificate holder,INDONESIA,446.84 ha,2018-02-13T00:00:00,2023-02-13T00:00:00,2028-02-12T00:00:00,,,,,"Jl. Ringin Raya No.14 Condongcatur,",55283,https://search-api.fsc.org/api/v1/Certification/a02f300000e0UG9AAM/PrintFile?culture=en,
a024y00000m5YqVAAU,CV Indotama Kayu Lestari,FSC-C175782,SCS-FM/COC-008974,FM/COC,Valid,Certificate holder,INDONESIA,"2,372.64 ha",2022-06-06T00:00:00,2022-06-06T00:00:00,2027-06-05T00:00:00,,,,Jawa Tengah,Jl. Ringroad Selatan RT. 02 / RW. 04,54171,https://search-api.fsc.org/api/v1/Certification/a024y00000m5YqVAAU/PrintFile?culture=en,
a0240000006vnYUAAY,CV. Dipantara,FSC-C105494,SCS-FM/COC-004351,FM/COC,Terminated,Certificate holder,INDONESIA,294.00 ha,2012-09-25T00:00:00,2016-11-11T00:00:00,,,2016-11-11T00:00:00,,,Jl. Ringin Raya No.14 Condongcatur,55283,https://search-api.fsc.org/api/v1/Certification/a0240000006vnYUAAY/PrintFile?culture=en,
a024000000CtG9OAAV,Carangwulung,FSC-C114315,SA-FM/COC-004248,FM/COC,Terminated,Site,INDONESIA,222.18 ha,2013-12-05T00:00:00,2016-03-04T00:00:00,,,2016-03-04T00:00:00,,Jawa Timur,Wonosalam RT/RW: 04/01,,https://search-api.fsc.org/api/v1/Certification/a024000000CtG9OAAV/PrintFile?culture=en,
a02f300000gIoDNAA0,Citra Sejahtera Abadi,FSC-C140552,SA-FM/COC-006782,FM/COC,Valid,Expired site,INDONESIA,455.80 ha,2019-02-22T00:00:00,2024-02-22T00:00:00,2029-02-21T00:00:00,,,,Province of Jambi,"Jl. Anggrek Poros, Village of Suka Damai, Subdisctrict of Rimbo Ulu",,https://search-api.fsc.org/api/v1/Certification/a02f300000gIoDNAA0/PrintFile?culture=en,
a024000000CzmYsAAJ,Ds. Deles,FSC-C114372,SA-FM/COC-004475,FM/COC,Terminated,Site,INDONESIA,135.67 ha,2014-08-18T00:00:00,2016-02-01T00:00:00,,,2016-02-01T00:00:00,,Central Java,"Jl.Tersono - Bawang Km 0.5, Sub District Bawang",,https://search-api.fsc.org/api/v1/Certification/a024000000CzmYsAAJ/PrintFile?culture=en,
a024000000CzmYsAAJ,Ds. Getas,FSC-C114372,SA-FM/COC-004475,FM/COC,Terminated,Site,INDONESIA,135.67 ha,2014-08-18T00:00:00,2016-02-01T00:00:00,,,2016-02-01T00:00:00,,Central Java,"Jl.Tersono - Bawang Km 0.5, Sub District Bawang",,https://search-api.fsc.org/api/v1/Certification/a024000000CzmYsAAJ/PrintFile?culture=en,
a024000000CzmYsAAJ,Ds. Kalirejo,FSC-C114372,SA-FM/COC-004475,FM/COC,Terminated,Site,INDONESIA,135.67 ha,2014-08-18T00:00:00,2016-02-01T00:00:00,,,2016-02-01T00:00:00,,Central Java,"Jl.Tersono - Bawang Km 0.5, Sub District Bawang",,https://search-api.fsc.org/api/v1/Certification/a024000000CzmYsAAJ/PrintFile?culture=en,
a024000000CzmYsAAJ,Ds. Kebaturan,FSC-C114372,SA-FM/COC-004475,FM/COC,Terminated,Site,INDONESIA,135.67 ha,2014-08-18T00:00:00,2016-02-01T00:00:00,,,2016-02-01T00:00:00,,Central Java,"Jl.Tersono - Bawang Km 0.5, Sub District Bawang",,https://search-api.fsc.org/api/v1/Certification/a024000000CzmYsAAJ/PrintFile?culture=en,
a024000000CzmYsAAJ,Ds. Purbo,FSC-C114372,SA-FM/COC-004475,FM/COC,Terminated,Site,INDONESIA,135.67 ha,2014-08-18T00:00:00,2016-02-01T00:00:00,,,2016-02-01T00:00:00,,Central Java,"Jl.Tersono - Bawang Km 0.5, Sub District Bawang",,https://search-api.fsc.org/api/v1/Certification/a024000000CzmYsAAJ/PrintFile?culture=en,
a024000000CzmYsAAJ,Ds. Sibebek,FSC-C114372,SA-FM/COC-004475,FM/COC,Terminated,Site,INDONESIA,135.67 ha,2014-08-18T00:00:00,2016-02-01T00:00:00,,,2016-02-01T00:00:00,,Central Java,"Jl.Tersono - Bawang Km 0.5, Sub District Bawang",,https://search-api.fsc.org/api/v1/Certification/a024000000CzmYsAAJ/PrintFile?culture=en,
a024000000CzmYsAAJ,Ds. Sidoharjo,FSC-C114372,SA-FM/COC-004475,FM/COC,Terminated,Site,INDONESIA,135.67 ha,2014-08-18T00:00:00,2016-02-01T00:00:00,,,2016-02-01T00:00:00,,Central Java,"Jl.Tersono - Bawang Km 0.5, Sub District Bawang",,https://search-api.fsc.org/api/v1/Certification/a024000000CzmYsAAJ/PrintFile?culture=en,
a024000000CzmYsAAJ,Ds. Surjo,FSC-C114372,SA-FM/COC-004475,FM/COC,Terminated,Site,INDONESIA,135.67 ha,2014-08-18T00:00:00,2016-02-01T00:00:00,,,2016-02-01T00:00:00,,Central Java,"Jl.Tersono - Bawang Km 0.5, Sub District Bawang",,https://search-api.fsc.org/api/v1/Certification/a024000000CzmYsAAJ/PrintFile?culture=en,
a024000000CzmYsAAJ,Ds. Wonosari,FSC-C114372,SA-FM/COC-004475,FM/COC,Terminated,Site,INDONESIA,135.67 ha,2014-08-18T00:00:00,2016-02-01T00:00:00,,,2016-02-01T00:00:00,,Central Java,"Jl.Tersono - Bawang Km 0.5, Sub District Bawang",,https://search-api.fsc.org/api/v1/Certification/a024000000CzmYsAAJ/PrintFile?culture=en,
a02UV000000ySavYAE,FMU Alas Permai,FSC-C199529,PBN-FM/COC-076518,FM/COC,Valid,Site,INDONESIA,"15,913.70 ha",2024-05-08T00:00:00,2025-03-03T00:00:00,2029-05-07T00:00:00,,,,East Java,"Jl. Raya Klakah Km.3, Desa. Kebonan, Kecamatan Klakah",67356,https://search-api.fsc.org/api/v1/Certification/a02UV000000ySavYAE/PrintFile?culture=en,
a02UV000000ySavYAE,FMU Banyu Biru,FSC-C199529,PBN-FM/COC-076518,FM/COC,Valid,Site,INDONESIA,"15,913.70 ha",2024-05-08T00:00:00,2025-03-03T00:00:00,2029-05-07T00:00:00,,,,East Java,"Jl. Raya Klakah Km.3, Desa. Kebonan, Kecamatan Klakah",67356,https://search-api.fsc.org/api/v1/Certification/a02UV000000ySavYAE/PrintFile?culture=en,
a023300000WWQ3nAAH,FMU Enggal Mulyo,FSC-C127503,SCS-FM/COC-005367,FM/COC,Terminated,Certificate holder,INDONESIA,620.93 ha,2015-10-21T00:00:00,2020-12-21T00:00:00,,,2020-12-21T00:00:00,,,"Dusun Krajan, Desa Mrayan, Kecamatan Ngrayun Kab. Ponorogo",,https://search-api.fsc.org/api/v1/Certification/a023300000WWQ3nAAH/PrintFile?culture=en,
a02Do0000010j9HIAQ,FMU Karet Multiguna Perkasa,FSC-C193658,PBN-FM/COC-036146,FM/COC,Valid,Site,INDONESIA,"6,661.39 ha",2024-02-15T00:00:00,2025-03-03T00:00:00,2029-02-14T00:00:00,,,,East Java,"Jl. Segoromadu I No. 26, Kel. Segoromadu, Kec. Kebomas",61123,https://search-api.fsc.org/api/v1/Certification/a02Do0000010j9HIAQ/PrintFile?culture=en,
a02UV000000ySavYAE,FMU Klakah Lestari,FSC-C199529,PBN-FM/COC-076518,FM/COC,Valid,Site,INDONESIA,"15,913.70 ha",2024-05-08T00:00:00,2025-03-03T00:00:00,2029-05-07T00:00:00,,,,East Java,"Jl. Raya Klakah Km.3, Desa. Kebonan, Kecamatan Klakah",67356,https://search-api.fsc.org/api/v1/Certification/a02UV000000ySavYAE/PrintFile?culture=en,
a02f300000gHfNqAAK,FMU Lestari Jati Lestari,FSC-C135817,PBN-FM/COC-058291,FM/COC,Valid,Site,INDONESIA,"1,689.35 ha",2017-05-11T00:00:00,2025-05-31T00:00:00,2027-11-10T00:00:00,,,,DKI Jakarta,"Menara Rajawali, Level 7-1., Jl Dr Ide Anak Agung Gde Agung Lot 5.1, Kawasan Mega Kuningan, Kelurahan Kuningan Timur, Kecamatan Setiabudi",12950,https://search-api.fsc.org/api/v1/Certification/a02f300000gHfNqAAK/PrintFile?culture=en,
a02Do0000010j9HIAQ,FMU Wana Asri,FSC-C193658,PBN-FM/COC-036146,FM/COC,Valid,Site,INDONESIA,"6,661.39 ha",2024-02-15T00:00:00,2025-03-03T00:00:00,2029-02-14T00:00:00,,,,East Java,"Jl. Segoromadu I No. 26, Kel. Segoromadu, Kec. Kebomas",61123,https://search-api.fsc.org/api/v1/Certification/a02Do0000010j9HIAQ/PrintFile?culture=en,
a02UV000000ySavYAE,FMU Wana Lestari,FSC-C199529,PBN-FM/COC-076518,FM/COC,Valid,Site,INDONESIA,"15,913.70 ha",2024-05-08T00:00:00,2025-03-03T00:00:00,2029-05-07T00:00:00,,,,East Java,"Jl. Raya Klakah Km.3, Desa. Kebonan, Kecamatan Klakah",67356,https://search-api.fsc.org/api/v1/Certification/a02UV000000ySavYAE/PrintFile?culture=en,
a02UV000000ySavYAE,FMU Wana Makmur,FSC-C199529,PBN-FM/COC-076518,FM/COC,Valid,Site,INDONESIA,"15,913.70 ha",2024-05-08T00:00:00,2025-03-03T00:00:00,2029-05-07T00:00:00,,,,East Java,"Jl. Raya Klakah Km.3, Desa. Kebonan, Kecamatan Klakah",67356,https://search-api.fsc.org/api/v1/Certification/a02UV000000ySavYAE/PrintFile?culture=en,
a02UV000000ySavYAE,FMU Wana Sejahtera,FSC-C199529,PBN-FM/COC-076518,FM/COC,Valid,Site,INDONESIA,"15,913.70 ha",2024-05-08T00:00:00,2025-03-03T00:00:00,2029-05-07T00:00:00,,,,East Java,"Jl. Raya Klakah Km.3, Desa. Kebonan, Kecamatan Klakah",67356,https://search-api.fsc.org/api/v1/Certification/a02UV000000ySavYAE/PrintFile?culture=en,
a02UV000000ySavYAE,FMU Wana Semeru Agung,FSC-C199529,PBN-FM/COC-076518,FM/COC,Valid,Site,INDONESIA,"15,913.70 ha",2024-05-08T00:00:00,2025-03-03T00:00:00,2029-05-07T00:00:00,,,,East Java,"Jl. Raya Klakah Km.3, Desa. Kebonan, Kecamatan Klakah",67356,https://search-api.fsc.org/api/v1/Certification/a02UV000000ySavYAE/PrintFile?culture=en,
a02Do0000010j9HIAQ,FMU Wana Yasa Pacitan,FSC-C193658,PBN-FM/COC-036146,FM/COC,Valid,Site,INDONESIA,"6,661.39 ha",2024-02-15T00:00:00,2025-03-03T00:00:00,2029-02-14T00:00:00,,,,East Java,"Jl. Segoromadu I No. 26, Kel. Segoromadu, Kec. Kebomas",61123,https://search-api.fsc.org/api/v1/Certification/a02Do0000010j9HIAQ/PrintFile?culture=en,
a02UV00000CIilFYAT,FMU Wono Suko,FSC-C216337,PBN-FM/COC-081403,FM/COC,Valid,Site,INDONESIA,597.00 ha,2025-09-17T00:00:00,2025-09-17T00:00:00,2030-09-16T00:00:00,,,,Jawa Timur,Jalan Lumbang Chayun No. 05,67371,https://search-api.fsc.org/api/v1/Certification/a02UV00000CIilFYAT/PrintFile?culture=en,
a02Do0000010j9HIAQ,FMU Wono Wengker Lestari,FSC-C193658,PBN-FM/COC-036146,FM/COC,Valid,Site,INDONESIA,"6,661.39 ha",2024-02-15T00:00:00,2025-03-03T00:00:00,2029-02-14T00:00:00,,,,East Java,"Jl. Segoromadu I No. 26, Kel. Segoromadu, Kec. Kebomas",61123,https://search-api.fsc.org/api/v1/Certification/a02Do0000010j9HIAQ/PrintFile?culture=en,
a024y00000m3mMhAAI,GAPOKTAN KASEMBON MEMBANGUN - 9 FMUs,FSC-C162208,SA-FM/COC-008524,FM/COC,Valid,Site,INDONESIA,618.57 ha,2020-12-07T00:00:00,2026-03-17T00:00:00,2031-03-16T00:00:00,,,,Province of East Java,"Wonosalam Village, Wonosalam Sub district",,https://search-api.fsc.org/api/v1/Certification/a024y00000m3mMhAAI/PrintFile?culture=en,
a02f300000gXX0CAAW,"GAPOKTANHUT ""PUNUNG WANA LESTARI""",FSC-C149356,SCS-FM/COC-006786,FM/COC,Terminated,Certificate holder,INDONESIA,"2,758.80 ha",2019-07-16T00:00:00,2022-06-30T00:00:00,,,2022-06-30T00:00:00,,East Java,JALAN RAYA SOLO - PACITAN,63553,https://search-api.fsc.org/api/v1/Certification/a02f300000gXX0CAAW/PrintFile?culture=en,
a024000000CtG9OAAV,Galengdowo,FSC-C114315,SA-FM/COC-004248,FM/COC,Terminated,Site,INDONESIA,222.18 ha,2013-12-05T00:00:00,2016-03-04T00:00:00,,,2016-03-04T00:00:00,,Jawa Timur,Wonosalam RT/RW: 04/01,,https://search-api.fsc.org/api/v1/Certification/a024000000CtG9OAAV/PrintFile?culture=en,
a024y00000m3mMhAAI,Gapoktan Among Tani 2,FSC-C162208,SA-FM/COC-008524,FM/COC,Valid,Site,INDONESIA,618.57 ha,2020-12-07T00:00:00,2026-03-17T00:00:00,2031-03-16T00:00:00,,,,Province of East Java,"Wonosalam Village, Wonosalam Sub district",,https://search-api.fsc.org/api/v1/Certification/a024y00000m3mMhAAI/PrintFile?culture=en,
a024y00000m3mMhAAI,Gapoktan Suka Maju,FSC-C162208,SA-FM/COC-008524,FM/COC,Valid,Site,INDONESIA,618.57 ha,2020-12-07T00:00:00,2026-03-17T00:00:00,2031-03-16T00:00:00,,,,Province of East Java,"Wonosalam Village, Wonosalam Sub district",,https://search-api.fsc.org/api/v1/Certification/a024y00000m3mMhAAI/PrintFile?culture=en,
a0240000005sWSPAA2,Group A1,FSC-C023796,SA-FM/COC-002083,FM/COC,Valid,Site,INDONESIA,"1,004.55 ha",2008-12-22T00:00:00,2023-12-22T00:00:00,2028-12-21T00:00:00,,,,Province of East Java,"Condong Village, Gading Subdistrict",67292,https://search-api.fsc.org/api/v1/Certification/a0240000005sWSPAA2/PrintFile?culture=en,
a0240000005sWSPAA2,Group A2,FSC-C023796,SA-FM/COC-002083,FM/COC,Valid,Site,INDONESIA,"1,004.55 ha",2008-12-22T00:00:00,2023-12-22T00:00:00,2028-12-21T00:00:00,,,,Province of East Java,"Condong Village, Gading Subdistrict",67292,https://search-api.fsc.org/api/v1/Certification/a0240000005sWSPAA2/PrintFile?culture=en,
a0240000005sWSPAA2,Group A3,FSC-C023796,SA-FM/COC-002083,FM/COC,Valid,Site,INDONESIA,"1,004.55 ha",2008-12-22T00:00:00,2023-12-22T00:00:00,2028-12-21T00:00:00,,,,Province of East Java,"Condong Village, Gading Subdistrict",67292,https://search-api.fsc.org/api/v1/Certification/a0240000005sWSPAA2/PrintFile?culture=en,
a023300000fRtRwAAK,Group Asik,FSC-C133562,SA-FM/COC-005493,FM/COC,Valid,Site,INDONESIA,"1,329.76 ha",2017-01-04T00:00:00,2022-01-04T00:00:00,2027-01-03T00:00:00,,,,Province East Java,"Jl. Raya Bromo, Ngepung Village",,https://search-api.fsc.org/api/v1/Certification/a023300000fRtRwAAK/PrintFile?culture=en,
a0240000005sWSPAA2,Group B1,FSC-C023796,SA-FM/COC-002083,FM/COC,Valid,Site,INDONESIA,"1,004.55 ha",2008-12-22T00:00:00,2023-12-22T00:00:00,2028-12-21T00:00:00,,,,Province of East Java,"Condong Village, Gading Subdistrict",67292,https://search-api.fsc.org/api/v1/Certification/a0240000005sWSPAA2/PrintFile?culture=en,
a0240000005sWSPAA2,Group B2,FSC-C023796,SA-FM/COC-002083,FM/COC,Valid,Site,INDONESIA,"1,004.55 ha",2008-12-22T00:00:00,2023-12-22T00:00:00,2028-12-21T00:00:00,,,,Province of East Java,"Condong Village, Gading Subdistrict",67292,https://search-api.fsc.org/api/v1/Certification/a0240000005sWSPAA2/PrintFile?culture=en,
a0240000005sWSPAA2,Group BM,FSC-C023796,SA-FM/COC-002083,FM/COC,Valid,Site,INDONESIA,"1,004.55 ha",2008-12-22T00:00:00,2023-12-22T00:00:00,2028-12-21T00:00:00,,,,Province of East Java,"Condong Village, Gading Subdistrict",67292,https://search-api.fsc.org/api/v1/Certification/a0240000005sWSPAA2/PrintFile?culture=en,
a0240000005sWSPAA2,Group C,FSC-C023796,SA-FM/COC-002083,FM/COC,Valid,Site,INDONESIA,"1,004.55 ha",2008-12-22T00:00:00,2023-12-22T00:00:00,2028-12-21T00:00:00,,,,Province of East Java,"Condong Village, Gading Subdistrict",67292,https://search-api.fsc.org/api/v1/Certification/a0240000005sWSPAA2/PrintFile?culture=en,
a0240000005sWSPAA2,Group D,FSC-C023796,SA-FM/COC-002083,FM/COC,Valid,Site,INDONESIA,"1,004.55 ha",2008-12-22T00:00:00,2023-12-22T00:00:00,2028-12-21T00:00:00,,,,Province of East Java,"Condong Village, Gading Subdistrict",67292,https://search-api.fsc.org/api/v1/Certification/a0240000005sWSPAA2/PrintFile?culture=en,
a0240000005sWSPAA2,Group E,FSC-C023796,SA-FM/COC-002083,FM/COC,Valid,Site,INDONESIA,"1,004.55 ha",2008-12-22T00:00:00,2023-12-22T00:00:00,2028-12-21T00:00:00,,,,Province of East Java,"Condong Village, Gading Subdistrict",67292,https://search-api.fsc.org/api/v1/Certification/a0240000005sWSPAA2/PrintFile?culture=en,
a0240000005sWSPAA2,Group F,FSC-C023796,SA-FM/COC-002083,FM/COC,Valid,Site,INDONESIA,"1,004.55 ha",2008-12-22T00:00:00,2023-12-22T00:00:00,2028-12-21T00:00:00,,,,Province of East Java,"Condong Village, Gading Subdistrict",67292,https://search-api.fsc.org/api/v1/Certification/a0240000005sWSPAA2/PrintFile?culture=en,
a0240000005sWSPAA2,Group G,FSC-C023796,SA-FM/COC-002083,FM/COC,Valid,Site,INDONESIA,"1,004.55 ha",2008-12-22T00:00:00,2023-12-22T00:00:00,2028-12-21T00:00:00,,,,Province of East Java,"Condong Village, Gading Subdistrict",67292,https://search-api.fsc.org/api/v1/Certification/a0240000005sWSPAA2/PrintFile?culture=en,
a0240000005sWSPAA2,Group H,FSC-C023796,SA-FM/COC-002083,FM/COC,Valid,Site,INDONESIA,"1,004.55 ha",2008-12-22T00:00:00,2023-12-22T00:00:00,2028-12-21T00:00:00,,,,Province of East Java,"Condong Village, Gading Subdistrict",67292,https://search-api.fsc.org/api/v1/Certification/a0240000005sWSPAA2/PrintFile?culture=en,
a023300000fRtRwAAK,Group HS,FSC-C133562,SA-FM/COC-005493,FM/COC,Valid,Site,INDONESIA,"1,329.76 ha",2017-01-04T00:00:00,2022-01-04T00:00:00,2027-01-03T00:00:00,,,,Province East Java,"Jl. Raya Bromo, Ngepung Village",,https://search-api.fsc.org/api/v1/Certification/a023300000fRtRwAAK/PrintFile?culture=en,
a0240000005sWSPAA2,Group I,FSC-C023796,SA-FM/COC-002083,FM/COC,Valid,Site,INDONESIA,"1,004.55 ha",2008-12-22T00:00:00,2023-12-22T00:00:00,2028-12-21T00:00:00,,,,Province of East Java,"Condong Village, Gading Subdistrict",67292,https://search-api.fsc.org/api/v1/Certification/a0240000005sWSPAA2/PrintFile?culture=en,
a0240000005sWSPAA2,Group J,FSC-C023796,SA-FM/COC-002083,FM/COC,Valid,Site,INDONESIA,"1,004.55 ha",2008-12-22T00:00:00,2023-12-22T00:00:00,2028-12-21T00:00:00,,,,Province of East Java,"Condong Village, Gading Subdistrict",67292,https://search-api.fsc.org/api/v1/Certification/a0240000005sWSPAA2/PrintFile?culture=en,
a023300000fRtRwAAK,Group Joko Lebu,FSC-C133562,SA-FM/COC-005493,FM/COC,Valid,Site,INDONESIA,"1,329.76 ha",2017-01-04T00:00:00,2022-01-04T00:00:00,2027-01-03T00:00:00,,,,Province East Java,"Jl. Raya Bromo, Ngepung Village",,https://search-api.fsc.org/api/v1/Certification/a023300000fRtRwAAK/PrintFile?culture=en,
a0240000005sWSPAA2,Group K,FSC-C023796,SA-FM/COC-002083,FM/COC,Valid,Site,INDONESIA,"1,004.55 ha",2008-12-22T00:00:00,2023-12-22T00:00:00,2028-12-21T00:00:00,,,,Province of East Java,"Condong Village, Gading Subdistrict",67292,https://search-api.fsc.org/api/v1/Certification/a0240000005sWSPAA2/PrintFile?culture=en,
a023300000fRtRwAAK,Group Kamil,FSC-C133562,SA-FM/COC-005493,FM/COC,Valid,Site,INDONESIA,"1,329.76 ha",2017-01-04T00:00:00,2022-01-04T00:00:00,2027-01-03T00:00:00,,,,Province East Java,"Jl. Raya Bromo, Ngepung Village",,https://search-api.fsc.org/api/v1/Certification/a023300000fRtRwAAK/PrintFile?culture=en,
a0240000005sWSPAA2,Group L,FSC-C023796,SA-FM/COC-002083,FM/COC,Valid,Site,INDONESIA,"1,004.55 ha",2008-12-22T00:00:00,2023-12-22T00:00:00,2028-12-21T00:00:00,,,,Province of East Java,"Condong Village, Gading Subdistrict",67292,https://search-api.fsc.org/api/v1/Certification/a0240000005sWSPAA2/PrintFile?culture=en,
a023300000fRtRwAAK,Group LH,FSC-C133562,SA-FM/COC-005493,FM/COC,Valid,Site,INDONESIA,"1,329.76 ha",2017-01-04T00:00:00,2022-01-04T00:00:00,2027-01-03T00:00:00,,,,Province East Java,"Jl. Raya Bromo, Ngepung Village",,https://search-api.fsc.org/api/v1/Certification/a023300000fRtRwAAK/PrintFile?culture=en,
a023300000fRtRwAAK,Group Lintang,FSC-C133562,SA-FM/COC-005493,FM/COC,Valid,Site,INDONESIA,"1,329.76 ha",2017-01-04T00:00:00,2022-01-04T00:00:00,2027-01-03T00:00:00,,,,Province East Java,"Jl. Raya Bromo, Ngepung Village",,https://search-api.fsc.org/api/v1/Certification/a023300000fRtRwAAK/PrintFile?culture=en,
a0240000005sWSPAA2,Group M,FSC-C023796,SA-FM/COC-002083,FM/COC,Valid,Site,INDONESIA,"1,004.55 ha",2008-12-22T00:00:00,2023-12-22T00:00:00,2028-12-21T00:00:00,,,,Province of East Java,"Condong Village, Gading Subdistrict",67292,https://search-api.fsc.org/api/v1/Certification/a0240000005sWSPAA2/PrintFile?culture=en,
a023300000fRtRwAAK,Group MP,FSC-C133562,SA-FM/COC-005493,FM/COC,Valid,Site,INDONESIA,"1,329.76 ha",2017-01-04T00:00:00,2022-01-04T00:00:00,2027-01-03T00:00:00,,,,Province East Java,"Jl. Raya Bromo, Ngepung Village",,https://search-api.fsc.org/api/v1/Certification/a023300000fRtRwAAK/PrintFile?culture=en,
a0240000005sWSPAA2,Group N,FSC-C023796,SA-FM/COC-002083,FM/COC,Valid,Site,INDONESIA,"1,004.55 ha",2008-12-22T00:00:00,2023-12-22T00:00:00,2028-12-21T00:00:00,,,,Province of East Java,"Condong Village, Gading Subdistrict",67292,https://search-api.fsc.org/api/v1/Certification/a0240000005sWSPAA2/PrintFile?culture=en,
a0240000005sWSPAA2,Group O,FSC-C023796,SA-FM/COC-002083,FM/COC,Valid,Site,INDONESIA,"1,004.55 ha",2008-12-22T00:00:00,2023-12-22T00:00:00,2028-12-21T00:00:00,,,,Province of East Java,"Condong Village, Gading Subdistrict",67292,https://search-api.fsc.org/api/v1/Certification/a0240000005sWSPAA2/PrintFile?culture=en,
a0240000005sWSPAA2,Group P,FSC-C023796,SA-FM/COC-002083,FM/COC,Valid,Site,INDONESIA,"1,004.55 ha",2008-12-22T00:00:00,2023-12-22T00:00:00,2028-12-21T00:00:00,,,,Province of East Java,"Condong Village, Gading Subdistrict",67292,https://search-api.fsc.org/api/v1/Certification/a0240000005sWSPAA2/PrintFile?culture=en,
a0240000005sWSPAA2,Group PD,FSC-C023796,SA-FM/COC-002083,FM/COC,Valid,Site,INDONESIA,"1,004.55 ha",2008-12-22T00:00:00,2023-12-22T00:00:00,2028-12-21T00:00:00,,,,Province of East Java,"Condong Village, Gading Subdistrict",67292,https://search-api.fsc.org/api/v1/Certification/a0240000005sWSPAA2/PrintFile?culture=en,
a0240000005sWSPAA2,Group PS2,FSC-C023796,SA-FM/COC-002083,FM/COC,Valid,Site,INDONESIA,"1,004.55 ha",2008-12-22T00:00:00,2023-12-22T00:00:00,2028-12-21T00:00:00,,,,Province of East Java,"Condong Village, Gading Subdistrict",67292,https://search-api.fsc.org/api/v1/Certification/a0240000005sWSPAA2/PrintFile?culture=en,
a0240000005sWSPAA2,Group PS3,FSC-C023796,SA-FM/COC-002083,FM/COC,Valid,Site,INDONESIA,"1,004.55 ha",2008-12-22T00:00:00,2023-12-22T00:00:00,2028-12-21T00:00:00,,,,Province of East Java,"Condong Village, Gading Subdistrict",67292,https://search-api.fsc.org/api/v1/Certification/a0240000005sWSPAA2/PrintFile?culture=en,
a0240000005sWSPAA2,Group PS4,FSC-C023796,SA-FM/COC-002083,FM/COC,Valid,Site,INDONESIA,"1,004.55 ha",2008-12-22T00:00:00,2023-12-22T00:00:00,2028-12-21T00:00:00,,,,Province of East Java,"Condong Village, Gading Subdistrict",67292,https://search-api.fsc.org/api/v1/Certification/a0240000005sWSPAA2/PrintFile?culture=en,
a0240000005sWSPAA2,Group PS5,FSC-C023796,SA-FM/COC-002083,FM/COC,Valid,Site,INDONESIA,"1,004.55 ha",2008-12-22T00:00:00,2023-12-22T00:00:00,2028-12-21T00:00:00,,,,Province of East Java,"Condong Village, Gading Subdistrict",67292,https://search-api.fsc.org/api/v1/Certification/a0240000005sWSPAA2/PrintFile?culture=en,
a0240000005sWSPAA2,Group Q,FSC-C023796,SA-FM/COC-002083,FM/COC,Valid,Site,INDONESIA,"1,004.55 ha",2008-12-22T00:00:00,2023-12-22T00:00:00,2028-12-21T00:00:00,,,,Province of East Java,"Condong Village, Gading Subdistrict",67292,https://search-api.fsc.org/api/v1/Certification/a0240000005sWSPAA2/PrintFile?culture=en,
a0240000005sWSPAA2,Group R,FSC-C023796,SA-FM/COC-002083,FM/COC,Valid,Site,INDONESIA,"1,004.55 ha",2008-12-22T00:00:00,2023-12-22T00:00:00,2028-12-21T00:00:00,,,,Province of East Java,"Condong Village, Gading Subdistrict",67292,https://search-api.fsc.org/api/v1/Certification/a0240000005sWSPAA2/PrintFile?culture=en,
a023300000fRtRwAAK,Group Riyono,FSC-C133562,SA-FM/COC-005493,FM/COC,Valid,Site,INDONESIA,"1,329.76 ha",2017-01-04T00:00:00,2022-01-04T00:00:00,2027-01-03T00:00:00,,,,Province East Java,"Jl. Raya Bromo, Ngepung Village",,https://search-api.fsc.org/api/v1/Certification/a023300000fRtRwAAK/PrintFile?culture=en,
a0240000005sWSPAA2,Group SD,FSC-C023796,SA-FM/COC-002083,FM/COC,Valid,Site,INDONESIA,"1,004.55 ha",2008-12-22T00:00:00,2023-12-22T00:00:00,2028-12-21T00:00:00,,,,Province of East Java,"Condong Village, Gading Subdistrict",67292,https://search-api.fsc.org/api/v1/Certification/a0240000005sWSPAA2/PrintFile?culture=en,
a023300000fRtRwAAK,Group SL,FSC-C133562,SA-FM/COC-005493,FM/COC,Valid,Site,INDONESIA,"1,329.76 ha",2017-01-04T00:00:00,2022-01-04T00:00:00,2027-01-03T00:00:00,,,,Province East Java,"Jl. Raya Bromo, Ngepung Village",,https://search-api.fsc.org/api/v1/Certification/a023300000fRtRwAAK/PrintFile?culture=en,
a023300000fRtRwAAK,Group Subekar,FSC-C133562,SA-FM/COC-005493,FM/COC,Valid,Site,INDONESIA,"1,329.76 ha",2017-01-04T00:00:00,2022-01-04T00:00:00,2027-01-03T00:00:00,,,,Province East Java,"Jl. Raya Bromo, Ngepung Village",,https://search-api.fsc.org/api/v1/Certification/a023300000fRtRwAAK/PrintFile?culture=en,
a023300000fRtRwAAK,Group Suherwoto,FSC-C133562,SA-FM/COC-005493,FM/COC,Valid,Site,INDONESIA,"1,329.76 ha",2017-01-04T00:00:00,2022-01-04T00:00:00,2027-01-03T00:00:00,,,,Province East Java,"Jl. Raya Bromo, Ngepung Village",,https://search-api.fsc.org/api/v1/Certification/a023300000fRtRwAAK/PrintFile?culture=en,
a023300000fRtRwAAK,Group Sumar Devi,FSC-C133562,SA-FM/COC-005493,FM/COC,Valid,Site,INDONESIA,"1,329.76 ha",2017-01-04T00:00:00,2022-01-04T00:00:00,2027-01-03T00:00:00,,,,Province East Java,"Jl. Raya Bromo, Ngepung Village",,https://search-api.fsc.org/api/v1/Certification/a023300000fRtRwAAK/PrintFile?culture=en,
a023300000fRtRwAAK,Group Supar Soleh,FSC-C133562,SA-FM/COC-005493,FM/COC,Valid,Site,INDONESIA,"1,329.76 ha",2017-01-04T00:00:00,2022-01-04T00:00:00,2027-01-03T00:00:00,,,,Province East Java,"Jl. Raya Bromo, Ngepung Village",,https://search-api.fsc.org/api/v1/Certification/a023300000fRtRwAAK/PrintFile?culture=en,
a023300000fRtRwAAK,Group Suparman,FSC-C133562,SA-FM/COC-005493,FM/COC,Valid,Site,INDONESIA,"1,329.76 ha",2017-01-04T00:00:00,2022-01-04T00:00:00,2027-01-03T00:00:00,,,,Province East Java,"Jl. Raya Bromo, Ngepung Village",,https://search-api.fsc.org/api/v1/Certification/a023300000fRtRwAAK/PrintFile?culture=en,
a023300000fRtRwAAK,Group Supri,FSC-C133562,SA-FM/COC-005493,FM/COC,Valid,Site,INDONESIA,"1,329.76 ha",2017-01-04T00:00:00,2022-01-04T00:00:00,2027-01-03T00:00:00,,,,Province East Java,"Jl. Raya Bromo, Ngepung Village",,https://search-api.fsc.org/api/v1/Certification/a023300000fRtRwAAK/PrintFile?culture=en,
a0240000005sWSPAA2,Group TT,FSC-C023796,SA-FM/COC-002083,FM/COC,Valid,Site,INDONESIA,"1,004.55 ha",2008-12-22T00:00:00,2023-12-22T00:00:00,2028-12-21T00:00:00,,,,Province of East Java,"Condong Village, Gading Subdistrict",67292,https://search-api.fsc.org/api/v1/Certification/a0240000005sWSPAA2/PrintFile?culture=en,
a023300000fRtRwAAK,Group Tayib,FSC-C133562,SA-FM/COC-005493,FM/COC,Valid,Site,INDONESIA,"1,329.76 ha",2017-01-04T00:00:00,2022-01-04T00:00:00,2027-01-03T00:00:00,,,,Province East Java,"Jl. Raya Bromo, Ngepung Village",,https://search-api.fsc.org/api/v1/Certification/a023300000fRtRwAAK/PrintFile?culture=en,
a0240000005sWSPAA2,Group WN,FSC-C023796,SA-FM/COC-002083,FM/COC,Valid,Site,INDONESIA,"1,004.55 ha",2008-12-22T00:00:00,2023-12-22T00:00:00,2028-12-21T00:00:00,,,,Province of East Java,"Condong Village, Gading Subdistrict",67292,https://search-api.fsc.org/api/v1/Certification/a0240000005sWSPAA2/PrintFile?culture=en,
a02f300000gIoDNAA0,Hamparan 2,FSC-C140552,SA-FM/COC-006782,FM/COC,Valid,Site,INDONESIA,455.80 ha,2019-02-22T00:00:00,2024-02-22T00:00:00,2029-02-21T00:00:00,,,,Province of Jambi,"Jl. Anggrek Poros, Village of Suka Damai, Subdisctrict of Rimbo Ulu",,https://search-api.fsc.org/api/v1/Certification/a02f300000gIoDNAA0/PrintFile?culture=en,
a02f300000gIoDNAA0,Hamparan I,FSC-C140552,SA-FM/COC-006782,FM/COC,Valid,Site,INDONESIA,455.80 ha,2019-02-22T00:00:00,2024-02-22T00:00:00,2029-02-21T00:00:00,,,,Province of Jambi,"Jl. Anggrek Poros, Village of Suka Damai, Subdisctrict of Rimbo Ulu",,https://search-api.fsc.org/api/v1/Certification/a02f300000gIoDNAA0/PrintFile?culture=en,
a02f300000gIoDNAA0,Harapan Maju,FSC-C140552,SA-FM/COC-006782,FM/COC,Valid,Expired site,INDONESIA,455.80 ha,2019-02-22T00:00:00,2024-02-22T00:00:00,2029-02-21T00:00:00,,,,Province of Jambi,"Jl. Anggrek Poros, Village of Suka Damai, Subdisctrict of Rimbo Ulu",,https://search-api.fsc.org/api/v1/Certification/a02f300000gIoDNAA0/PrintFile?culture=en,
a024000000CtG9OAAV,Jarak,FSC-C114315,SA-FM/COC-004248,FM/COC,Terminated,Site,INDONESIA,222.18 ha,2013-12-05T00:00:00,2016-03-04T00:00:00,,,2016-03-04T00:00:00,,Jawa Timur,Wonosalam RT/RW: 04/01,,https://search-api.fsc.org/api/v1/Certification/a024000000CtG9OAAV/PrintFile?culture=en,
a02Do000001g7aMIAQ,Jati Lestari,FSC-C184818,SCS-FM/COC-009564,FM/COC,Valid,Site,INDONESIA,"1,030.01 ha",2023-04-07T00:00:00,2023-04-07T00:00:00,2028-04-06T00:00:00,,,,ID-YO,Koperasi Wana Manunggal Lestari,55861,https://search-api.fsc.org/api/v1/Certification/a02Do000001g7aMIAQ/PrintFile?culture=en,
a02f300000gIoDNAA0,Jaya Karana Tani,FSC-C140552,SA-FM/COC-006782,FM/COC,Valid,Expired site,INDONESIA,455.80 ha,2019-02-22T00:00:00,2024-02-22T00:00:00,2029-02-21T00:00:00,,,,Province of Jambi,"Jl. Anggrek Poros, Village of Suka Damai, Subdisctrict of Rimbo Ulu",,https://search-api.fsc.org/api/v1/Certification/a02f300000gIoDNAA0/PrintFile?culture=en,
a024000000CtG9OAAV,Jenis Gelaran,FSC-C114315,SA-FM/COC-004248,FM/COC,Terminated,Site,INDONESIA,222.18 ha,2013-12-05T00:00:00,2016-03-04T00:00:00,,,2016-03-04T00:00:00,,Jawa Timur,Wonosalam RT/RW: 04/01,,https://search-api.fsc.org/api/v1/Certification/a024000000CtG9OAAV/PrintFile?culture=en,
a024000000CtG9OAAV,"KSU Hutan Rakyat ""Sengon Agung Bersama""",FSC-C114315,SA-FM/COC-004248,FM/COC,Terminated,Certificate holder,INDONESIA,222.18 ha,2013-12-05T00:00:00,2016-03-04T00:00:00,,,2016-03-04T00:00:00,,Jawa Timur,Wonosalam RT/RW: 04/01,,https://search-api.fsc.org/api/v1/Certification/a024000000CtG9OAAV/PrintFile?culture=en,
a024000000Ohv2tAAB,KSU Taman Wijaya Rasa (Kostajasa),FSC-C122555,SCS-FM/COC-005063,FM/COC,Valid,Certificate holder,INDONESIA,509.02 ha,2014-12-15T00:00:00,2024-12-09T00:00:00,2029-12-08T00:00:00,,,,,"Jl. Kaleng KM2 RT02 RW01, Kel. Jatiluhur Kec., Karanganyar, Kabupaten Kebumen",54364,https://search-api.fsc.org/api/v1/Certification/a024000000Ohv2tAAB/PrintFile?culture=en,
a0240000006uIYTAA2,KSU Wana Lestari Menoreh,FSC-C104179,SCS-FM/COC-005225,FM/COC,Terminated,Certificate holder,INDONESIA,802.00 ha,2011-03-16T00:00:00,2016-03-15T00:00:00,,,2016-03-15T00:00:00,,ID-YO,"Jalan Dekso - Samigaluh Km 1 RT. 45 RW. 23, Dusun, Kagongan, Banjararum, Kalibawang",55672,https://search-api.fsc.org/api/v1/Certification/a0240000006uIYTAA2/PrintFile?culture=en,
a024y00000m3mMhAAI,KTH Agung Lestari (Kasembon),FSC-C162208,SA-FM/COC-008524,FM/COC,Valid,Site,INDONESIA,618.57 ha,2020-12-07T00:00:00,2026-03-17T00:00:00,2031-03-16T00:00:00,,,,Province of East Java,"Wonosalam Village, Wonosalam Sub district",,https://search-api.fsc.org/api/v1/Certification/a024y00000m3mMhAAI/PrintFile?culture=en,
a024y00000m3mMhAAI,KTH Agung Lestari - 17 FMUs,FSC-C162208,SA-FM/COC-008524,FM/COC,Valid,Site,INDONESIA,618.57 ha,2020-12-07T00:00:00,2026-03-17T00:00:00,2031-03-16T00:00:00,,,,Province of East Java,"Wonosalam Village, Wonosalam Sub district",,https://search-api.fsc.org/api/v1/Certification/a024y00000m3mMhAAI/PrintFile?culture=en,
a024y00000m3mMhAAI,KTH Alam Jaya,FSC-C162208,SA-FM/COC-008524,FM/COC,Valid,Site,INDONESIA,618.57 ha,2020-12-07T00:00:00,2026-03-17T00:00:00,2031-03-16T00:00:00,,,,Province of East Java,"Wonosalam Village, Wonosalam Sub district",,https://search-api.fsc.org/api/v1/Certification/a024y00000m3mMhAAI/PrintFile?culture=en,
a024y00000m3mMhAAI,KTH Ar Rozaq,FSC-C162208,SA-FM/COC-008524,FM/COC,Valid,Site,INDONESIA,618.57 ha,2020-12-07T00:00:00,2026-03-17T00:00:00,2031-03-16T00:00:00,,,,Province of East Java,"Wonosalam Village, Wonosalam Sub district",,https://search-api.fsc.org/api/v1/Certification/a024y00000m3mMhAAI/PrintFile?culture=en,
a024y00000m3mMhAAI,KTH Argo Lestari,FSC-C162208,SA-FM/COC-008524,FM/COC,Valid,Site,INDONESIA,618.57 ha,2020-12-07T00:00:00,2026-03-17T00:00:00,2031-03-16T00:00:00,,,,Province of East Java,"Wonosalam Village, Wonosalam Sub district",,https://search-api.fsc.org/api/v1/Certification/a024y00000m3mMhAAI/PrintFile?culture=en,
a024y00000m3mMhAAI,KTH Harapan Jaya,FSC-C162208,SA-FM/COC-008524,FM/COC,Valid,Site,INDONESIA,618.57 ha,2020-12-07T00:00:00,2026-03-17T00:00:00,2031-03-16T00:00:00,,,,Province of East Java,"Wonosalam Village, Wonosalam Sub district",,https://search-api.fsc.org/api/v1/Certification/a024y00000m3mMhAAI/PrintFile?culture=en,
a024y00000m3mMhAAI,KTH Karanganyar - 10 FMUs,FSC-C162208,SA-FM/COC-008524,FM/COC,Valid,Site,INDONESIA,618.57 ha,2020-12-07T00:00:00,2026-03-17T00:00:00,2031-03-16T00:00:00,,,,Province of East Java,"Wonosalam Village, Wonosalam Sub district",,https://search-api.fsc.org/api/v1/Certification/a024y00000m3mMhAAI/PrintFile?culture=en,
a024y00000m3mMhAAI,KTH Karya Tani,FSC-C162208,SA-FM/COC-008524,FM/COC,Valid,Site,INDONESIA,618.57 ha,2020-12-07T00:00:00,2026-03-17T00:00:00,2031-03-16T00:00:00,,,,Province of East Java,"Wonosalam Village, Wonosalam Sub district",,https://search-api.fsc.org/api/v1/Certification/a024y00000m3mMhAAI/PrintFile?culture=en,
a024y00000m3mMhAAI,KTH Kemiri Lestari,FSC-C162208,SA-FM/COC-008524,FM/COC,Valid,Site,INDONESIA,618.57 ha,2020-12-07T00:00:00,2026-03-17T00:00:00,2031-03-16T00:00:00,,,,Province of East Java,"Wonosalam Village, Wonosalam Sub district",,https://search-api.fsc.org/api/v1/Certification/a024y00000m3mMhAAI/PrintFile?culture=en,
a024y00000m3mMhAAI,KTH Kopang Jaya,FSC-C162208,SA-FM/COC-008524,FM/COC,Valid,Site,INDONESIA,618.57 ha,2020-12-07T00:00:00,2026-03-17T00:00:00,2031-03-16T00:00:00,,,,Province of East Java,"Wonosalam Village, Wonosalam Sub district",,https://search-api.fsc.org/api/v1/Certification/a024y00000m3mMhAAI/PrintFile?culture=en,
a024y00000m3mMhAAI,KTH Kupang Lestari,FSC-C162208,SA-FM/COC-008524,FM/COC,Valid,Site,INDONESIA,618.57 ha,2020-12-07T00:00:00,2026-03-17T00:00:00,2031-03-16T00:00:00,,,,Province of East Java,"Wonosalam Village, Wonosalam Sub district",,https://search-api.fsc.org/api/v1/Certification/a024y00000m3mMhAAI/PrintFile?culture=en,
a024y00000m3mMhAAI,KTH Lembah Mbencirang,FSC-C162208,SA-FM/COC-008524,FM/COC,Valid,Site,INDONESIA,618.57 ha,2020-12-07T00:00:00,2026-03-17T00:00:00,2031-03-16T00:00:00,,,,Province of East Java,"Wonosalam Village, Wonosalam Sub district",,https://search-api.fsc.org/api/v1/Certification/a024y00000m3mMhAAI/PrintFile?culture=en,
a024y00000m3mMhAAI,KTH Maju Jaya - 15 FMUs,FSC-C162208,SA-FM/COC-008524,FM/COC,Valid,Site,INDONESIA,618.57 ha,2020-12-07T00:00:00,2026-03-17T00:00:00,2031-03-16T00:00:00,,,,Province of East Java,"Wonosalam Village, Wonosalam Sub district",,https://search-api.fsc.org/api/v1/Certification/a024y00000m3mMhAAI/PrintFile?culture=en,
a024y00000m3mMhAAI,KTH Makmur - 8 FMUs,FSC-C162208,SA-FM/COC-008524,FM/COC,Valid,Site,INDONESIA,618.57 ha,2020-12-07T00:00:00,2026-03-17T00:00:00,2031-03-16T00:00:00,,,,Province of East Java,"Wonosalam Village, Wonosalam Sub district",,https://search-api.fsc.org/api/v1/Certification/a024y00000m3mMhAAI/PrintFile?culture=en,
a024y00000m3mMhAAI,KTH Mandiri - 54 FMUs,FSC-C162208,SA-FM/COC-008524,FM/COC,Valid,Site,INDONESIA,618.57 ha,2020-12-07T00:00:00,2026-03-17T00:00:00,2031-03-16T00:00:00,,,,Province of East Java,"Wonosalam Village, Wonosalam Sub district",,https://search-api.fsc.org/api/v1/Certification/a024y00000m3mMhAAI/PrintFile?culture=en,
a024y00000m3mMhAAI,KTH Mojo Makmur,FSC-C162208,SA-FM/COC-008524,FM/COC,Valid,Site,INDONESIA,618.57 ha,2020-12-07T00:00:00,2026-03-17T00:00:00,2031-03-16T00:00:00,,,,Province of East Java,"Wonosalam Village, Wonosalam Sub district",,https://search-api.fsc.org/api/v1/Certification/a024y00000m3mMhAAI/PrintFile?culture=en,
a024y00000m3mMhAAI,KTH Paci I,FSC-C162208,SA-FM/COC-008524,FM/COC,Valid,Site,INDONESIA,618.57 ha,2020-12-07T00:00:00,2026-03-17T00:00:00,2031-03-16T00:00:00,,,,Province of East Java,"Wonosalam Village, Wonosalam Sub district",,https://search-api.fsc.org/api/v1/Certification/a024y00000m3mMhAAI/PrintFile?culture=en,
a024y00000m3mMhAAI,KTH Rukun Makmur (Sidomukti),FSC-C162208,SA-FM/COC-008524,FM/COC,Valid,Site,INDONESIA,618.57 ha,2020-12-07T00:00:00,2026-03-17T00:00:00,2031-03-16T00:00:00,,,,Province of East Java,"Wonosalam Village, Wonosalam Sub district",,https://search-api.fsc.org/api/v1/Certification/a024y00000m3mMhAAI/PrintFile?culture=en,
a024y00000m3mMhAAI,KTH Rukun Makmur - 6 FMUs,FSC-C162208,SA-FM/COC-008524,FM/COC,Valid,Site,INDONESIA,618.57 ha,2020-12-07T00:00:00,2026-03-17T00:00:00,2031-03-16T00:00:00,,,,Province of East Java,"Wonosalam Village, Wonosalam Sub district",,https://search-api.fsc.org/api/v1/Certification/a024y00000m3mMhAAI/PrintFile?culture=en,
a024y00000m3mMhAAI,KTH Rukun Makmur 3,FSC-C162208,SA-FM/COC-008524,FM/COC,Valid,Site,INDONESIA,618.57 ha,2020-12-07T00:00:00,2026-03-17T00:00:00,2031-03-16T00:00:00,,,,Province of East Java,"Wonosalam Village, Wonosalam Sub district",,https://search-api.fsc.org/api/v1/Certification/a024y00000m3mMhAAI/PrintFile?culture=en,
a024y00000m3mMhAAI,KTH Rukun Tani  Satu,FSC-C162208,SA-FM/COC-008524,FM/COC,Valid,Site,INDONESIA,618.57 ha,2020-12-07T00:00:00,2026-03-17T00:00:00,2031-03-16T00:00:00,,,,Province of East Java,"Wonosalam Village, Wonosalam Sub district",,https://search-api.fsc.org/api/v1/Certification/a024y00000m3mMhAAI/PrintFile?culture=en,
a024y00000m3mMhAAI,KTH Santuso 2 - 30 FMUs,FSC-C162208,SA-FM/COC-008524,FM/COC,Valid,Site,INDONESIA,618.57 ha,2020-12-07T00:00:00,2026-03-17T00:00:00,2031-03-16T00:00:00,,,,Province of East Java,"Wonosalam Village, Wonosalam Sub district",,https://search-api.fsc.org/api/v1/Certification/a024y00000m3mMhAAI/PrintFile?culture=en,
a024y00000m3mMhAAI,KTH Santuso Lestari,FSC-C162208,SA-FM/COC-008524,FM/COC,Valid,Site,INDONESIA,618.57 ha,2020-12-07T00:00:00,2026-03-17T00:00:00,2031-03-16T00:00:00,,,,Province of East Java,"Wonosalam Village, Wonosalam Sub district",,https://search-api.fsc.org/api/v1/Certification/a024y00000m3mMhAAI/PrintFile?culture=en,
a024y00000m3mMhAAI,KTH Sejahtera - 26 FMUs,FSC-C162208,SA-FM/COC-008524,FM/COC,Valid,Site,INDONESIA,618.57 ha,2020-12-07T00:00:00,2026-03-17T00:00:00,2031-03-16T00:00:00,,,,Province of East Java,"Wonosalam Village, Wonosalam Sub district",,https://search-api.fsc.org/api/v1/Certification/a024y00000m3mMhAAI/PrintFile?culture=en,
a024y00000m3mMhAAI,KTH Sejahtera - 54 FMUs,FSC-C162208,SA-FM/COC-008524,FM/COC,Valid,Site,INDONESIA,618.57 ha,2020-12-07T00:00:00,2026-03-17T00:00:00,2031-03-16T00:00:00,,,,Province of East Java,"Wonosalam Village, Wonosalam Sub district",,https://search-api.fsc.org/api/v1/Certification/a024y00000m3mMhAAI/PrintFile?culture=en,
a024y00000m3mMhAAI,KTH Sri Rejeki,FSC-C162208,SA-FM/COC-008524,FM/COC,Valid,Site,INDONESIA,618.57 ha,2020-12-07T00:00:00,2026-03-17T00:00:00,2031-03-16T00:00:00,,,,Province of East Java,"Wonosalam Village, Wonosalam Sub district",,https://search-api.fsc.org/api/v1/Certification/a024y00000m3mMhAAI/PrintFile?culture=en,
a024y00000m3mMhAAI,KTH Sumber Jaya,FSC-C162208,SA-FM/COC-008524,FM/COC,Valid,Site,INDONESIA,618.57 ha,2020-12-07T00:00:00,2026-03-17T00:00:00,2031-03-16T00:00:00,,,,Province of East Java,"Wonosalam Village, Wonosalam Sub district",,https://search-api.fsc.org/api/v1/Certification/a024y00000m3mMhAAI/PrintFile?culture=en,
a024y00000m3mMhAAI,KTH Sumber Makmur,FSC-C162208,SA-FM/COC-008524,FM/COC,Valid,Site,INDONESIA,618.57 ha,2020-12-07T00:00:00,2026-03-17T00:00:00,2031-03-16T00:00:00,,,,Province of East Java,"Wonosalam Village, Wonosalam Sub district",,https://search-api.fsc.org/api/v1/Certification/a024y00000m3mMhAAI/PrintFile?culture=en,
a024y00000m3mMhAAI,KTH Sumber Urip,FSC-C162208,SA-FM/COC-008524,FM/COC,Valid,Site,INDONESIA,618.57 ha,2020-12-07T00:00:00,2026-03-17T00:00:00,2031-03-16T00:00:00,,,,Province of East Java,"Wonosalam Village, Wonosalam Sub district",,https://search-api.fsc.org/api/v1/Certification/a024y00000m3mMhAAI/PrintFile?culture=en,
a024y00000m3mMhAAI,KTH Sumber Urip I,FSC-C162208,SA-FM/COC-008524,FM/COC,Valid,Site,INDONESIA,618.57 ha,2020-12-07T00:00:00,2026-03-17T00:00:00,2031-03-16T00:00:00,,,,Province of East Java,"Wonosalam Village, Wonosalam Sub district",,https://search-api.fsc.org/api/v1/Certification/a024y00000m3mMhAAI/PrintFile?culture=en,
a024y00000m3mMhAAI,KTH Taman Tirto - 13 FMUs,FSC-C162208,SA-FM/COC-008524,FM/COC,Valid,Site,INDONESIA,618.57 ha,2020-12-07T00:00:00,2026-03-17T00:00:00,2031-03-16T00:00:00,,,,Province of East Java,"Wonosalam Village, Wonosalam Sub district",,https://search-api.fsc.org/api/v1/Certification/a024y00000m3mMhAAI/PrintFile?culture=en,
a024y00000m3mMhAAI,KTH Tambiritan Lima,FSC-C162208,SA-FM/COC-008524,FM/COC,Valid,Site,INDONESIA,618.57 ha,2020-12-07T00:00:00,2026-03-17T00:00:00,2031-03-16T00:00:00,,,,Province of East Java,"Wonosalam Village, Wonosalam Sub district",,https://search-api.fsc.org/api/v1/Certification/a024y00000m3mMhAAI/PrintFile?culture=en,
a024y00000m3mMhAAI,KTH Tani Karya,FSC-C162208,SA-FM/COC-008524,FM/COC,Valid,Site,INDONESIA,618.57 ha,2020-12-07T00:00:00,2026-03-17T00:00:00,2031-03-16T00:00:00,,,,Province of East Java,"Wonosalam Village, Wonosalam Sub district",,https://search-api.fsc.org/api/v1/Certification/a024y00000m3mMhAAI/PrintFile?culture=en,
a024y00000m3mMhAAI,KTH Tani Maju,FSC-C162208,SA-FM/COC-008524,FM/COC,Valid,Site,INDONESIA,618.57 ha,2020-12-07T00:00:00,2026-03-17T00:00:00,2031-03-16T00:00:00,,,,Province of East Java,"Wonosalam Village, Wonosalam Sub district",,https://search-api.fsc.org/api/v1/Certification/a024y00000m3mMhAAI/PrintFile?culture=en,
a024y00000m3mMhAAI,KTH Tani Makmur,FSC-C162208,SA-FM/COC-008524,FM/COC,Valid,Site,INDONESIA,618.57 ha,2020-12-07T00:00:00,2026-03-17T00:00:00,2031-03-16T00:00:00,,,,Province of East Java,"Wonosalam Village, Wonosalam Sub district",,https://search-api.fsc.org/api/v1/Certification/a024y00000m3mMhAAI/PrintFile?culture=en,
a024y00000m3mMhAAI,KTH Tunas Sinar Tani,FSC-C162208,SA-FM/COC-008524,FM/COC,Valid,Site,INDONESIA,618.57 ha,2020-12-07T00:00:00,2026-03-17T00:00:00,2031-03-16T00:00:00,,,,Province of East Java,"Wonosalam Village, Wonosalam Sub district",,https://search-api.fsc.org/api/v1/Certification/a024y00000m3mMhAAI/PrintFile?culture=en,
a024y00000m3mMhAAI,KTH Wana Makmur,FSC-C162208,SA-FM/COC-008524,FM/COC,Valid,Site,INDONESIA,618.57 ha,2020-12-07T00:00:00,2026-03-17T00:00:00,2031-03-16T00:00:00,,,,Province of East Java,"Wonosalam Village, Wonosalam Sub district",,https://search-api.fsc.org/api/v1/Certification/a024y00000m3mMhAAI/PrintFile?culture=en,
a02Do000001g7aMIAQ,KTHR Duwet Makmur,FSC-C184818,SCS-FM/COC-009564,FM/COC,Valid,Site,INDONESIA,"1,030.01 ha",2023-04-07T00:00:00,2023-04-07T00:00:00,2028-04-06T00:00:00,,,,ID-YO,Koperasi Wana Manunggal Lestari,55861,https://search-api.fsc.org/api/v1/Certification/a02Do000001g7aMIAQ/PrintFile?culture=en,
a02Do000001g7aMIAQ,KTHR Gunung Jati,FSC-C184818,SCS-FM/COC-009564,FM/COC,Valid,Site,INDONESIA,"1,030.01 ha",2023-04-07T00:00:00,2023-04-07T00:00:00,2028-04-06T00:00:00,,,,ID-YO,Koperasi Wana Manunggal Lestari,55861,https://search-api.fsc.org/api/v1/Certification/a02Do000001g7aMIAQ/PrintFile?culture=en,
a02Do000001g7aMIAQ,KTHR Hargomulyo,FSC-C184818,SCS-FM/COC-009564,FM/COC,Valid,Site,INDONESIA,"1,030.01 ha",2023-04-07T00:00:00,2023-04-07T00:00:00,2028-04-06T00:00:00,,,,ID-YO,Koperasi Wana Manunggal Lestari,55861,https://search-api.fsc.org/api/v1/Certification/a02Do000001g7aMIAQ/PrintFile?culture=en,
a02Do000001g7aMIAQ,KTHR Jati Makmur,FSC-C184818,SCS-FM/COC-009564,FM/COC,Valid,Site,INDONESIA,"1,030.01 ha",2023-04-07T00:00:00,2023-04-07T00:00:00,2028-04-06T00:00:00,,,,ID-YO,Koperasi Wana Manunggal Lestari,55861,https://search-api.fsc.org/api/v1/Certification/a02Do000001g7aMIAQ/PrintFile?culture=en,
a02Do000001g7aMIAQ,KTHR Maju Makmur,FSC-C184818,SCS-FM/COC-009564,FM/COC,Valid,Site,INDONESIA,"1,030.01 ha",2023-04-07T00:00:00,2023-04-07T00:00:00,2028-04-06T00:00:00,,,,ID-YO,Koperasi Wana Manunggal Lestari,55861,https://search-api.fsc.org/api/v1/Certification/a02Do000001g7aMIAQ/PrintFile?culture=en,
a02Do000001g7aMIAQ,KTHR Menur,FSC-C184818,SCS-FM/COC-009564,FM/COC,Valid,Site,INDONESIA,"1,030.01 ha",2023-04-07T00:00:00,2023-04-07T00:00:00,2028-04-06T00:00:00,,,,ID-YO,Koperasi Wana Manunggal Lestari,55861,https://search-api.fsc.org/api/v1/Certification/a02Do000001g7aMIAQ/PrintFile?culture=en,
a02Do000001g7aMIAQ,KTHR Sedyo Lestari,FSC-C184818,SCS-FM/COC-009564,FM/COC,Valid,Site,INDONESIA,"1,030.01 ha",2023-04-07T00:00:00,2023-04-07T00:00:00,2028-04-06T00:00:00,,,,ID-YO,Koperasi Wana Manunggal Lestari,55861,https://search-api.fsc.org/api/v1/Certification/a02Do000001g7aMIAQ/PrintFile?culture=en,
a02Do000001g7aMIAQ,KTHR Sedyo Rukun,FSC-C184818,SCS-FM/COC-009564,FM/COC,Valid,Site,INDONESIA,"1,030.01 ha",2023-04-07T00:00:00,2023-04-07T00:00:00,2028-04-06T00:00:00,,,,ID-YO,Koperasi Wana Manunggal Lestari,55861,https://search-api.fsc.org/api/v1/Certification/a02Do000001g7aMIAQ/PrintFile?culture=en,
a02Do000001g7aMIAQ,KTHR Sekar Pijer,FSC-C184818,SCS-FM/COC-009564,FM/COC,Valid,Site,INDONESIA,"1,030.01 ha",2023-04-07T00:00:00,2023-04-07T00:00:00,2028-04-06T00:00:00,,,,ID-YO,Koperasi Wana Manunggal Lestari,55861,https://search-api.fsc.org/api/v1/Certification/a02Do000001g7aMIAQ/PrintFile?culture=en,
a02Do000001g7aMIAQ,KTHR Sido Maju I,FSC-C184818,SCS-FM/COC-009564,FM/COC,Valid,Site,INDONESIA,"1,030.01 ha",2023-04-07T00:00:00,2023-04-07T00:00:00,2028-04-06T00:00:00,,,,ID-YO,Koperasi Wana Manunggal Lestari,55861,https://search-api.fsc.org/api/v1/Certification/a02Do000001g7aMIAQ/PrintFile?culture=en,
a02Do000001g7aMIAQ,KTHR Sido Makmur,FSC-C184818,SCS-FM/COC-009564,FM/COC,Valid,Site,INDONESIA,"1,030.01 ha",2023-04-07T00:00:00,2023-04-07T00:00:00,2028-04-06T00:00:00,,,,ID-YO,Koperasi Wana Manunggal Lestari,55861,https://search-api.fsc.org/api/v1/Certification/a02Do000001g7aMIAQ/PrintFile?culture=en,
a02Do000001g7aMIAQ,KTHR Sidodadi,FSC-C184818,SCS-FM/COC-009564,FM/COC,Valid,Site,INDONESIA,"1,030.01 ha",2023-04-07T00:00:00,2023-04-07T00:00:00,2028-04-06T00:00:00,,,,ID-YO,Koperasi Wana Manunggal Lestari,55861,https://search-api.fsc.org/api/v1/Certification/a02Do000001g7aMIAQ/PrintFile?culture=en,
a02Do000001g7aMIAQ,KTHR Tani Manunggal,FSC-C184818,SCS-FM/COC-009564,FM/COC,Valid,Site,INDONESIA,"1,030.01 ha",2023-04-07T00:00:00,2023-04-07T00:00:00,2028-04-06T00:00:00,,,,ID-YO,Koperasi Wana Manunggal Lestari,55861,https://search-api.fsc.org/api/v1/Certification/a02Do000001g7aMIAQ/PrintFile?culture=en,
a02Do000001g7aMIAQ,KTHR Wono Ngudi Rukun,FSC-C184818,SCS-FM/COC-009564,FM/COC,Valid,Site,INDONESIA,"1,030.01 ha",2023-04-07T00:00:00,2023-04-07T00:00:00,2028-04-06T00:00:00,,,,ID-YO,Koperasi Wana Manunggal Lestari,55861,https://search-api.fsc.org/api/v1/Certification/a02Do000001g7aMIAQ/PrintFile?culture=en,
a024000000CtG9OAAV,Karangan,FSC-C114315,SA-FM/COC-004248,FM/COC,Terminated,Site,INDONESIA,222.18 ha,2013-12-05T00:00:00,2016-03-04T00:00:00,,,2016-03-04T00:00:00,,Jawa Timur,Wonosalam RT/RW: 04/01,,https://search-api.fsc.org/api/v1/Certification/a024000000CtG9OAAV/PrintFile?culture=en,
a02f300000gIoDNAA0,Karya Bakti,FSC-C140552,SA-FM/COC-006782,FM/COC,Valid,Expired site,INDONESIA,455.80 ha,2019-02-22T00:00:00,2024-02-22T00:00:00,2029-02-21T00:00:00,,,,Province of Jambi,"Jl. Anggrek Poros, Village of Suka Damai, Subdisctrict of Rimbo Ulu",,https://search-api.fsc.org/api/v1/Certification/a02f300000gIoDNAA0/PrintFile?culture=en,
a023300000fr8MhAAI,Kelompok Masyarakat Pelestari Hutan (KMPH) Mitra Sesaot,FSC-C134304,SCS-FM-005890,FM,Terminated,Certificate holder,INDONESIA,185.00 ha,2017-02-27T00:00:00,2022-06-30T00:00:00,,,2022-06-30T00:00:00,,Nusa Tenggara Barat,Jl. Pengkoak KM13 Pakuan Village,,https://search-api.fsc.org/api/v1/Certification/a023300000fr8MhAAI/PrintFile?culture=en,
a024y00000m3mMhAAI,Kelompok Pengelola Hutan Rakyat Sumber Sejahtera (KPHRSS),FSC-C162208,SA-FM/COC-008524,FM/COC,Valid,Certificate holder,INDONESIA,618.57 ha,2020-12-07T00:00:00,2026-03-17T00:00:00,2031-03-16T00:00:00,,,,Province of East Java,"Wonosalam Village, Wonosalam Sub district",,https://search-api.fsc.org/api/v1/Certification/a024y00000m3mMhAAI/PrintFile?culture=en,
a0240000005sWSPAA2,Koperasi Alas Mandiri KTI.,FSC-C023796,SA-FM/COC-002083,FM/COC,Valid,Certificate holder,INDONESIA,"1,004.55 ha",2008-12-22T00:00:00,2023-12-22T00:00:00,2028-12-21T00:00:00,,,,Province of East Java,"Condong Village, Gading Subdistrict",67292,https://search-api.fsc.org/api/v1/Certification/a0240000005sWSPAA2/PrintFile?culture=en,
a023300000fRtRwAAK,Koperasi Bromo Mandiri KTI,FSC-C133562,SA-FM/COC-005493,FM/COC,Valid,Certificate holder,INDONESIA,"1,329.76 ha",2017-01-04T00:00:00,2022-01-04T00:00:00,2027-01-03T00:00:00,,,,Province East Java,"Jl. Raya Bromo, Ngepung Village",,https://search-api.fsc.org/api/v1/Certification/a023300000fRtRwAAK/PrintFile?culture=en,
a024000000CzmYsAAJ,Koperasi Graha Mandiri Sentausa (KOGEMES),FSC-C114372,SA-FM/COC-004475,FM/COC,Terminated,Certificate holder,INDONESIA,135.67 ha,2014-08-18T00:00:00,2016-02-01T00:00:00,,,2016-02-01T00:00:00,,Central Java,"Jl.Tersono - Bawang Km 0.5, Sub District Bawang",,https://search-api.fsc.org/api/v1/Certification/a024000000CzmYsAAJ/PrintFile?culture=en,
a0240000005sUVmAAM,Koperasi Hutan Jaya Lestari (KHJL),FSC-C016317,SW-FM/COC-001511,FM/COC,Terminated,Certificate holder,INDONESIA,768.73 ha,2005-05-20T00:00:00,2015-03-30T00:00:00,,,2015-03-30T00:00:00,,,"Jl. Poros Kendari-Torobulu No. 31, Lambakara village, Laeya sub-district, South Konawe district",,https://search-api.fsc.org/api/v1/Certification/a0240000005sUVmAAM/PrintFile?culture=en,
a023300000gBRx3AAG,Koperasi Petani Hutan Rakyat Lestari (KOPEHRAL),FSC-C135275,SCS-FM/COC-005976,FM/COC,Terminated,Certificate holder,INDONESIA,128.59 ha,2017-05-05T00:00:00,2019-05-29T00:00:00,,,2019-05-29T00:00:00,,Central Java,Dusun Sidowayah Desa Gunung Gajah Kecamatan Bayat,57462,https://search-api.fsc.org/api/v1/Certification/a023300000gBRx3AAG/PrintFile?culture=en,
a024y00000jqnJXAAY,Koperasi Produsen Gapoktan Maju Bersama,FSC-C182074,SGSCH-FM/COC-012054,FM/COC,Terminated,Certificate holder,INDONESIA,427.33 ha,2022-10-31T00:00:00,2025-02-19T00:00:00,,,2025-02-19T00:00:00,,Provinsi Lampung,"Desa Kembang Tanjung, Kecamatan Abung Selatan",34581,https://search-api.fsc.org/api/v1/Certification/a024y00000jqnJXAAY/PrintFile?culture=en,
a02Do000001g7aMIAQ,Koperasi Produsen Wana Manunggal Lestari,FSC-C184818,SCS-FM/COC-009564,FM/COC,Valid,Certificate holder,INDONESIA,"1,030.01 ha",2023-04-07T00:00:00,2023-04-07T00:00:00,2028-04-06T00:00:00,,,,ID-YO,Koperasi Wana Manunggal Lestari,55861,https://search-api.fsc.org/api/v1/Certification/a02Do000001g7aMIAQ/PrintFile?culture=en,
a0240000005sTsfAAE,Koperasi Taman Wijaya Rasa (KOSTAJASA),FSC-C013892,SW-FM/COC-004117,FM/COC,Terminated,Certificate holder,INDONESIA,200.70 ha,2009-06-02T00:00:00,2014-06-01T00:00:00,,,2014-06-01T00:00:00,,Central Java,Jl. Raya Meles Dukuh Cokolan RT. 02 RW. 03 Desa Meles,54363,https://search-api.fsc.org/api/v1/Certification/a0240000005sTsfAAE/PrintFile?culture=en,
a02Do0000070B4IIAU,Koperasi Wailo Wanalestari,FSC-C195880,CU-CW/FM-898641,CW/FM,Valid,Certificate holder,INDONESIA,"57,944.00 ha",2024-04-18T00:00:00,2026-03-04T00:00:00,2029-04-17T00:00:00,,,,Jakarta Barat,"Rukan Puri Niaga I Blok K7 No.I V, Jl Puri Kencana",11610,https://search-api.fsc.org/api/v1/Certification/a02Do0000070B4IIAU/PrintFile?culture=en,
a02f300000gHfNqAAK,Koperasi Wana Lestari Menoreh,FSC-C135817,PBN-FM/COC-058291,FM/COC,Valid,Site,INDONESIA,"1,689.35 ha",2017-05-11T00:00:00,2025-05-31T00:00:00,2027-11-10T00:00:00,,,,DKI Jakarta,"Menara Rajawali, Level 7-1., Jl Dr Ide Anak Agung Gde Agung Lot 5.1, Kawasan Mega Kuningan, Kelurahan Kuningan Timur, Kecamatan Setiabudi",12950,https://search-api.fsc.org/api/v1/Certification/a02f300000gHfNqAAK/PrintFile?culture=en,
a02Do0000010Y1KIAU,Manimbul Sitompul,FSC-C193018,CU-FM/COC-887216,FM/COC,Valid,Site,INDONESIA,205.82 ha,2024-04-09T00:00:00,2024-04-09T00:00:00,2029-04-08T00:00:00,,,,,"Desa Sait Nihuta Kalangan II, Kecamatan Tukka",,https://search-api.fsc.org/api/v1/Certification/a02Do0000010Y1KIAU/PrintFile?culture=en,
a02Do000001g7aMIAQ,Margomulyo II,FSC-C184818,SCS-FM/COC-009564,FM/COC,Valid,Site,INDONESIA,"1,030.01 ha",2023-04-07T00:00:00,2023-04-07T00:00:00,2028-04-06T00:00:00,,,,ID-YO,Koperasi Wana Manunggal Lestari,55861,https://search-api.fsc.org/api/v1/Certification/a02Do000001g7aMIAQ/PrintFile?culture=en,
a024000000CtG9OAAV,Ngampungan,FSC-C114315,SA-FM/COC-004248,FM/COC,Terminated,Site,INDONESIA,222.18 ha,2013-12-05T00:00:00,2016-03-04T00:00:00,,,2016-03-04T00:00:00,,Jawa Timur,Wonosalam RT/RW: 04/01,,https://search-api.fsc.org/api/v1/Certification/a024000000CtG9OAAV/PrintFile?culture=en,
a02Do000001g7aMIAQ,Ngudi Makmur,FSC-C184818,SCS-FM/COC-009564,FM/COC,Valid,Site,INDONESIA,"1,030.01 ha",2023-04-07T00:00:00,2023-04-07T00:00:00,2028-04-06T00:00:00,,,,ID-YO,Koperasi Wana Manunggal Lestari,55861,https://search-api.fsc.org/api/v1/Certification/a02Do000001g7aMIAQ/PrintFile?culture=en,
a02Do000001g7aMIAQ,PPHR Ngudi Lestari,FSC-C184818,SCS-FM/COC-009564,FM/COC,Valid,Site,INDONESIA,"1,030.01 ha",2023-04-07T00:00:00,2023-04-07T00:00:00,2028-04-06T00:00:00,,,,ID-YO,Koperasi Wana Manunggal Lestari,55861,https://search-api.fsc.org/api/v1/Certification/a02Do000001g7aMIAQ/PrintFile?culture=en,
a02UV00000CIilFYAT,PT Anugerah Rimba Raya,FSC-C216337,PBN-FM/COC-081403,FM/COC,Valid,Certificate holder,INDONESIA,597.00 ha,2025-09-17T00:00:00,2025-09-17T00:00:00,2030-09-16T00:00:00,,,,Jawa Timur,Jalan Lumbang Chayun No. 05,67371,https://search-api.fsc.org/api/v1/Certification/a02UV00000CIilFYAT/PrintFile?culture=en,
a023300000V7jOfAAJ,PT Bina Ovivipari Semesta (PT BIOS),FSC-C125356,NC-FM/COC-021270,FM/COC,Terminated,Site,INDONESIA,"28,220.00 ha",2015-05-18T00:00:00,2019-02-27T00:00:00,,,2019-02-27T00:00:00,,Bali,"Jl. Veteran, Gg Jempinis No.17, Banjar Uma Kepuh, Desa Buduk.",80351,https://search-api.fsc.org/api/v1/Certification/a023300000V7jOfAAJ/PrintFile?culture=en,
a023300000VHS40AAH,PT Bina Ovivipari Semesta (PT BIOS),FSC-C125516,NC-CW/FM-021270,CW/FM,Terminated,Site,INDONESIA,"13,625.00 ha",2015-05-18T00:00:00,2019-02-27T00:00:00,,,2019-02-27T00:00:00,,Bali,"Jl. Veteran, Gg Jempinis No.17, Banjar Uma Kepuh, Desa Buduk.",80351,https://search-api.fsc.org/api/v1/Certification/a023300000VHS40AAH/PrintFile?culture=en,
a024000000OYIOPAA5,PT Bintuni Utama Murni Wood Industries (BUMWI),FSC-C122450,SCS-FM/COC-005054,FM/COC,Terminated,Certificate holder,INDONESIA,"78,083.94 ha",2015-08-04T00:00:00,2023-03-28T00:00:00,,,2023-03-28T00:00:00,,Jakarta Raya,Jalan Raya Rawa Domba No. 5,13440,https://search-api.fsc.org/api/v1/Certification/a024000000OYIOPAA5/PrintFile?culture=en,
a024000000Opoj1AAB,PT Carus Indonesia,FSC-C122684,SCS-FM/COC-005030,FM/COC,Terminated,Certificate holder,INDONESIA,"72,170.00 ha",2014-09-24T00:00:00,2020-07-22T00:00:00,,,2020-07-22T00:00:00,,,MT Haryono Kav 27,12820,https://search-api.fsc.org/api/v1/Certification/a024000000Opoj1AAB/PrintFile?culture=en,
a0240000005sSNaAAM,PT Diamond Raya Timber,FSC-C008121,SGSCH-FM/COC-000659,FM/COC,Valid,Certificate holder,INDONESIA,"85,155.00 ha",2001-03-27T00:00:00,2024-06-06T00:00:00,2027-04-11T00:00:00,,,,Riau Province,Jl. Dr. Sutomo No.62,28141,https://search-api.fsc.org/api/v1/Certification/a0240000005sSNaAAM/PrintFile?culture=en,FSC_Sales
a0240000005sV0ZAAU,PT Erna Djuliawati,FSC-C018226,PBN-FM/COC-001623,FM/COC,Valid,Certificate holder,INDONESIA,"184,206.00 ha",2005-09-06T00:00:00,2025-05-31T00:00:00,2027-10-05T00:00:00,,,,Jakarta,"Gedung Wisma 46 Lt. 37-Kota BNI. Jalan Jenderal Sudirman Kav 1, Karet Tengsin, Tanah Abang",10220,https://search-api.fsc.org/api/v1/Certification/a0240000005sV0ZAAU/PrintFile?culture=en,
a02Do000001gF2RIAU,PT Forestry Ganda Utama,FSC-C185288,SA-FM/COC-013707,FM/COC,Valid,Certificate holder,INDONESIA,"74,147.00 ha",2024-05-07T00:00:00,2024-05-22T00:00:00,2029-05-21T00:00:00,,,,,"Jl. Suryopranoto # 1-9, Komplek Delta Building Blok C No.7,8,9",10160,https://search-api.fsc.org/api/v1/Certification/a02Do000001gF2RIAU/PrintFile?culture=en,
a024000000CznjMAAR,PT Gema Hutani Lestari,FSC-C114373,SA-FM/COC-004224,FM/COC,Valid,Certificate holder,INDONESIA,"148,450.00 ha",2013-11-19T00:00:00,2024-02-06T00:00:00,2029-02-05T00:00:00,,,,,"Jl. Suryopranoto 1-9, Komplek Delta Building Blok C No.7,8,9",10160,https://search-api.fsc.org/api/v1/Certification/a024000000CznjMAAR/PrintFile?culture=en,
a024000000HFr6RAAT,PT Graha Sentosa Permai,FSC-C118412,CU-FM/COC-829036,FM/COC,Valid,Certificate holder,INDONESIA,"45,565.08 ha",2017-03-14T00:00:00,2022-03-14T00:00:00,2027-03-13T00:00:00,,,,,"Ruko Bukit Gading Indah Blok V 8, Kelapa Gading",14240,https://search-api.fsc.org/api/v1/Certification/a024000000HFr6RAAT/PrintFile?culture=en,
a02f300000gJFZlAAO,PT Hutan Ketapang Industri,FSC-C141538,SCS-FM/COC-006339,FM/COC,Valid,Certificate holder,INDONESIA,"93,230.38 ha",2020-03-13T00:00:00,2025-03-30T00:00:00,2030-03-29T00:00:00,,,,Jakarta,Sampoerna Strategic Square North Tower 28th Floor Jl. Jend. Sudirman Kav. 45,12930,https://search-api.fsc.org/api/v1/Certification/a02f300000gJFZlAAO/PrintFile?culture=en,
a02UV000001SKEXYA4,PT Kaltim Hutama,FSC-C200100,SCS-FM/COC-400013,FM/COC,Valid,Certificate holder,INDONESIA,"160,436.82 ha",2024-08-14T00:00:00,2024-08-14T00:00:00,2029-08-13T00:00:00,,,,Jakarta Raya,"Plaza Bank Index Fl 8th Jl. MH Thamrin No 57, Gondangdia, Menteng",10350,https://search-api.fsc.org/api/v1/Certification/a02UV000001SKEXYA4/PrintFile?culture=en,
a023300000d4kJ8AAI,PT Karya Lestari,FSC-C131938,SA-FM/COC-006160,FM/COC,Valid,Certificate holder,INDONESIA,"49,123.00 ha",2018-01-24T00:00:00,2023-01-24T00:00:00,2028-01-23T00:00:00,,,,East Kalimantan,Jl Arief Rahman Hakim no. 66,75117,https://search-api.fsc.org/api/v1/Certification/a023300000d4kJ8AAI/PrintFile?culture=en,
a02Do0000010j9HIAQ,PT Kayu Multiguna Indonesia,FSC-C193658,PBN-FM/COC-036146,FM/COC,Valid,Certificate holder,INDONESIA,"6,661.39 ha",2024-02-15T00:00:00,2025-03-03T00:00:00,2029-02-14T00:00:00,,,,East Java,"Jl. Segoromadu I No. 26, Kel. Segoromadu, Kec. Kebomas",61123,https://search-api.fsc.org/api/v1/Certification/a02Do0000010j9HIAQ/PrintFile?culture=en,
a02Do0000010Y1FIAU,PT Kirana Permata,FSC-C193017,CU-FM/COC-895034,FM/COC,Valid,Certificate holder,INDONESIA,"5,552.13 ha",2023-03-06T00:00:00,2024-06-24T00:00:00,2028-09-07T00:00:00,,,,Sumatera Selatan,"Jl. Lintas Prabumulih – Baturaja Km 44, Desa Aur, Kecamatan Lubai,",31173,https://search-api.fsc.org/api/v1/Certification/a02Do0000010Y1FIAU/PrintFile?culture=en,
a023300000ayfI1AAI,PT Lestari Mahaputra Buana,FSC-C130066,SCS-FM/COC-005581,FM/COC,Valid,Certificate holder,INDONESIA,483.26 ha,2016-05-04T00:00:00,2024-09-25T00:00:00,2029-09-24T00:00:00,,,,West Java,Jl. Raya Padalarang no 273,40553,https://search-api.fsc.org/api/v1/Certification/a023300000ayfI1AAI/PrintFile?culture=en,
a024y00000o7dvbAAA,PT MERANTI MUSTIKA,FSC-C172390,CU-CW/FM-882588,CW/FM,Terminated,Certificate holder,INDONESIA,"49,320.00 ha",2021-11-22T00:00:00,2024-12-31T00:00:00,,,2024-12-31T00:00:00,,Province of Central Kalimantan,Katingan regency,,https://search-api.fsc.org/api/v1/Certification/a024y00000o7dvbAAA/PrintFile?culture=en,
a0240000005sSAnAAM,PT Musi Hutan Persada,FSC-C007328,SGSCH-CW/FM-010071,CW/FM,Valid,Certificate holder,INDONESIA,"155,631.47 ha",2009-04-23T00:00:00,2024-05-16T00:00:00,2026-06-30T00:00:00,,,,Sumatera Selatan,"Jl. Raya PT TEL, Desa Banuayu, Kecamatan Empat Petulai Dangku",31172,https://search-api.fsc.org/api/v1/Certification/a0240000005sSAnAAM/PrintFile?culture=en,
a0240000005sSCwAAM,PT Narkata Rimba,FSC-C007461,CU-FM/COC-813446,FM/COC,Terminated,Certificate holder,INDONESIA,"65,925.00 ha",2011-08-16T00:00:00,2025-06-10T00:00:00,,,2025-06-10T00:00:00,,East Kalimantan,"Jl. Syahrani Dahlan No.9 Harapan Baru,",75131,https://search-api.fsc.org/api/v1/Certification/a0240000005sSCwAAM/PrintFile?culture=en,
a023300000V7jOfAAJ,PT Pandu Maha Wana,FSC-C125356,NC-FM/COC-021270,FM/COC,Terminated,Certificate holder,INDONESIA,"28,220.00 ha",2015-05-18T00:00:00,2019-02-27T00:00:00,,,2019-02-27T00:00:00,,Bali,"Jl. Veteran, Gg Jempinis No.17, Banjar Uma Kepuh, Desa Buduk.",80351,https://search-api.fsc.org/api/v1/Certification/a023300000V7jOfAAJ/PrintFile?culture=en,
a023300000VHS40AAH,PT Pandu Maha Wana,FSC-C125516,NC-CW/FM-021270,CW/FM,Terminated,Certificate holder,INDONESIA,"13,625.00 ha",2015-05-18T00:00:00,2019-02-27T00:00:00,,,2019-02-27T00:00:00,,Bali,"Jl. Veteran, Gg Jempinis No.17, Banjar Uma Kepuh, Desa Buduk.",80351,https://search-api.fsc.org/api/v1/Certification/a023300000VHS40AAH/PrintFile?culture=en,
a0240000005sU5rAAE,PT Perhutani - KPH Lawu,FSC-C014710,SW-FM/COC-162,FM/COC,Terminated,Certificate holder,INDONESIA,0.00 ha,2000-03-15T00:00:00,2003-05-08T00:00:00,2005-03-14T00:00:00,,2003-05-08T00:00:00,,Jakarta,Mangala Wanabakti Building,10270,https://search-api.fsc.org/api/v1/Certification/a0240000005sU5rAAE/PrintFile?culture=en,
a024000000E7h5QAAR,PT Ratah Timber,FSC-C115501,SGSCH-FM/COC-012044,FM/COC,Valid,Certificate holder,INDONESIA,"83,362.00 ha",2013-03-15T00:00:00,2023-03-07T00:00:00,2028-03-06T00:00:00,,,,DKI Jakarta,"Ruko Grand ITC Permata Hijau Blok Sapphire No.7-8, Jl. Arteri Raya Permata Hijau, Kebayoran Lama",12210,https://search-api.fsc.org/api/v1/Certification/a024000000E7h5QAAR/PrintFile?culture=en,
a0240000005sSmMAAU,PT Riau Andalan Pulp and Paper Forestry Division (Riaufiber),FSC-C009657,SW-CW/FM-003712,CW/FM,Terminated,Certificate holder,INDONESIA,"349,957.00 ha",2008-12-30T00:00:00,2011-09-09T00:00:00,,,2011-09-09T00:00:00,,,"Complex PT. Riau Andalan Pulp and Paper,",,https://search-api.fsc.org/api/v1/Certification/a0240000005sSmMAAU/PrintFile?culture=en,
a023300000ZZVk4AAH,PT Rizki Kacida Reana,FSC-C129145,SA-FM/COC-006178,FM/COC,Valid,Certificate holder,INDONESIA,"55,150.00 ha",2018-02-02T00:00:00,2024-07-22T00:00:00,2029-07-21T00:00:00,,,,"West Cilandak, Cilandak, South Jakarta",Jl. RS. Fatmawati No. 20,12430,https://search-api.fsc.org/api/v1/Certification/a023300000ZZVk4AAH/PrintFile?culture=en,
a0240000007S9KhAAK,PT Roda Mas Timber Kalimantan,FSC-C106827,SA-FM/COC-005699,FM/COC,Terminated,Certificate holder,INDONESIA,"70,324.64 ha",2012-04-29T00:00:00,2022-11-25T00:00:00,,,2022-11-25T00:00:00,,,"Grand ITC Permata Hijau, Blok Sapphire No. 7&8, Jl. Arteri Permata Hijau",,https://search-api.fsc.org/api/v1/Certification/a0240000007S9KhAAK/PrintFile?culture=en,
a02f300000k6CkrAAE,PT Sani Mardani Resources,FSC-C153944,SCS-FM/COC-007105,FM/COC,Valid,Certificate holder,INDONESIA,"63,253.00 ha",2019-12-18T00:00:00,2024-12-18T00:00:00,2029-12-17T00:00:00,,,,-,"Office 88 Tower A Lt. 30 Unit E Kata Kasablanka, JI. Casablanca Raya Kav. 88",,https://search-api.fsc.org/api/v1/Certification/a02f300000k6CkrAAE/PrintFile?culture=en,
a0240000005sVxLAAU,PT Sari Bumi Kusuma,FSC-C021870,NC-FM/COC-002645,FM/COC,Terminated,Certificate holder,INDONESIA,"147,600.00 ha",2007-09-26T00:00:00,2024-07-04T00:00:00,,,2024-07-04T00:00:00,,Jakarta,Jl. Balikpapan Raya No. 14,10130,https://search-api.fsc.org/api/v1/Certification/a0240000005sVxLAAU/PrintFile?culture=en,
a02UV000000ySavYAE,PT Semeru Makmur Kayunusa,FSC-C199529,PBN-FM/COC-076518,FM/COC,Valid,Certificate holder,INDONESIA,"15,913.70 ha",2024-05-08T00:00:00,2025-03-03T00:00:00,2029-05-07T00:00:00,,,,East Java,"Jl. Raya Klakah Km.3, Desa. Kebonan, Kecamatan Klakah",67356,https://search-api.fsc.org/api/v1/Certification/a02UV000000ySavYAE/PrintFile?culture=en,
a0240000005vtjMAAQ,PT Suka Jaya Makmur,FSC-C102305,CU-FM/COC-812699,FM/COC,Valid,Certificate holder,INDONESIA,"171,300.00 ha",2010-09-30T00:00:00,2024-08-02T00:00:00,2027-06-30T00:00:00,,,,,Jl. Balikpapan Raya 14,,https://search-api.fsc.org/api/v1/Certification/a0240000005vtjMAAQ/PrintFile?culture=en,
a023300000fzJrcAAE,PT Sumalindo Lestari Jaya IV,FSC-C134794,SGS-CW/FM-010986,CW/FM,Terminated,Certificate holder,INDONESIA,"63,550.00 ha",2017-04-03T00:00:00,2018-11-06T00:00:00,,,2018-11-06T00:00:00,,,"Jl. Dr. Cipto Mangunkusumo, Sengkotek Loa Janan, Samarinda",75008,https://search-api.fsc.org/api/v1/Certification/a023300000fzJrcAAE/PrintFile?culture=en,
a0240000005sTi6AAE,PT Sumalindo Lestari Jaya Tbk,FSC-C013237,SW-FM/COC-001735,FM/COC,Terminated,Certificate holder,INDONESIA,"267,600.00 ha",2006-01-04T00:00:00,2011-01-03T00:00:00,,,2011-01-03T00:00:00,,,"Menara Bank Danamon Lt.19, Jl. Prof. Dr. Satrio Kav.E-IV/6,",12950,https://search-api.fsc.org/api/v1/Certification/a0240000005sTi6AAE/PrintFile?culture=en,
a023300000d4kJDAAY,PT Utama Damai Indah Timber,FSC-C131939,SA-FM/COC-005807,FM/COC,Valid,Certificate holder,INDONESIA,"49,250.00 ha",2017-06-16T00:00:00,2022-06-16T00:00:00,2027-06-15T00:00:00,,,,East Kalimantan,Jl. Kartini No. 26,,https://search-api.fsc.org/api/v1/Certification/a023300000d4kJDAAY/PrintFile?culture=en,
a024000000BR5ChAAL,PT WANASOKAN HASILINDO,FSC-C113271,CU-CW/FM-819678,CW/FM,Terminated,Certificate holder,INDONESIA,"49,000.00 ha",2013-03-07T00:00:00,2016-05-13T00:00:00,,,2016-05-13T00:00:00,,,"Jl. Balikpapan Raya No. 14, LIK RT 006/02,",,https://search-api.fsc.org/api/v1/Certification/a024000000BR5ChAAL/PrintFile?culture=en,
a023300000Zuy6uAAB,PT WIJAYA SENTOSA,FSC-C129203,SCS-FM/COC-005507,FM/COC,Valid,Certificate holder,INDONESIA,"130,755.00 ha",2016-03-03T00:00:00,2022-03-03T00:00:00,2027-03-02T00:00:00,,,,DKI Jakarta,"Gedung Plaza Index Lt. 8, Jl. M. H. Thamrin No. 57",10350,https://search-api.fsc.org/api/v1/Certification/a023300000Zuy6uAAB/PrintFile?culture=en,
a0240000005sREHAA2,PT Xylo Indah Pratama,FSC-C003700,SW-FM/COC-000104,FM/COC,Terminated,Certificate holder,INDONESIA,"12,477.85 ha",2007-04-20T00:00:00,2012-04-19T00:00:00,,,2012-04-19T00:00:00,,,Perkantoran Permata Hijau Blok 1 No. 9-10,12210,https://search-api.fsc.org/api/v1/Certification/a0240000005sREHAA2/PrintFile?culture=en,
a024y00000kTAmmAAG,PT Yotefa Sarana Timber,FSC-C174348,SA-FM/COC-012751,FM/COC,Valid,Certificate holder,INDONESIA,"123,565.00 ha",2023-11-29T00:00:00,2023-11-29T00:00:00,2028-11-28T00:00:00,,,,West Papua Province,"Jl. Arar, Kampung Arar, Distrik Manyamuk",,https://search-api.fsc.org/api/v1/Certification/a024y00000kTAmmAAG/PrintFile?culture=en,
a024000000849qtAAA,PT. BELAYAN RIVER TIMBER,FSC-C109061,CU-FM/COC-813447,FM/COC,Terminated,Certificate holder,INDONESIA,"97,500.00 ha",2011-12-22T00:00:00,2025-06-10T00:00:00,,,2025-06-10T00:00:00,,Jakarta,"Gedung Manggala Wanabakti, Ruang 218 B, Blok IV, Jl. Gatot Subroto,",12410,https://search-api.fsc.org/api/v1/Certification/a024000000849qtAAA/PrintFile?culture=en,
a023300000aysOoAAI,PT. Bina Balantak Utama,FSC-C130484,SCS-FM/COC-005611,FM/COC,Valid,Certificate holder,INDONESIA,"294,830.00 ha",2016-06-13T00:00:00,2022-06-12T00:00:00,2027-06-11T00:00:00,,,,Papua Province,"Jl. KS Tubun No. 52A, Resimen Hamadi",,https://search-api.fsc.org/api/v1/Certification/a023300000aysOoAAI/PrintFile?culture=en,
a024000000A07jEAAR,PT. Bina Silva Nusa,FSC-C111631,NC-CW/FM-006154,CW/FM,Terminated,Certificate holder,INDONESIA,"9,270.00 ha",2012-11-20T00:00:00,2021-09-17T00:00:00,,,2021-09-17T00:00:00,,Kalimantan Barat,"Komplek Villa Ceria Lestari No. 1, Jalan Arteri Supadio",78121,https://search-api.fsc.org/api/v1/Certification/a024000000A07jEAAR/PrintFile?culture=en,
a02f300000gHxndAAC,PT. Forestry Ganda Utama,FSC-C136426,SCS-FM/COC-006040,FM/COC,Terminated,Certificate holder,INDONESIA,"74,155.00 ha",2017-07-13T00:00:00,2021-12-31T00:00:00,,,2021-12-31T00:00:00,,Selatan,"Gedung Gama Tower Lantai 20 Blok E,F,G,  Jl. H.R. Rasuna Said Kav.C22",12940,https://search-api.fsc.org/api/v1/Certification/a02f300000gHxndAAC/PrintFile?culture=en,
a024000000AkssuAAB,PT. Gunung Gajah Abadi,FSC-C112585,PBN-FM/COC-007344,FM/COC,Valid,Certificate holder,INDONESIA,"74,980.00 ha",2015-12-10T00:00:00,2025-05-31T00:00:00,2027-12-09T00:00:00,,,,East Kalimantan,"Jl. Arief Rahman Hakim, No. 66",75127,https://search-api.fsc.org/api/v1/Certification/a024000000AkssuAAB/PrintFile?culture=en,
a024000000FhRSwAAN,PT. Indexim Utama,FSC-C116852,SGSCH-FM/COC-009890,FM/COC,Valid,Certificate holder,INDONESIA,"50,734.00 ha",2013-06-11T00:00:00,2024-03-07T00:00:00,2029-03-06T00:00:00,,,,Central Kalimantan,Jl. Sumpung No.5,73112,https://search-api.fsc.org/api/v1/Certification/a024000000FhRSwAAN/PrintFile?culture=en,
a0240000005sT4cAAE,PT. Intracawood Manufacturing,FSC-C010789,PBN-FM/COC-001849,FM/COC,Valid,Certificate holder,INDONESIA,"199,570.71 ha",2006-04-06T00:00:00,2025-09-02T00:00:00,2027-07-22T00:00:00,,,,Jakarta,Jl. Terusan Lembang No. D 51-53,10310,https://search-api.fsc.org/api/v1/Certification/a0240000005sT4cAAE/PrintFile?culture=en,
a023300000frAXrAAM,PT. Jati Dharma Indah Plywood Industries,FSC-C134308,PBN-FM/COC-007730,FM/COC,Valid,Certificate holder,INDONESIA,"198,067.00 ha",2017-08-08T00:00:00,2025-05-31T00:00:00,2027-08-08T00:00:00,,,,DKI Jakarta,Plaza Bank Index Lt 8 Jalan M.H. Thamrin No 57,10130,https://search-api.fsc.org/api/v1/Certification/a023300000frAXrAAM/PrintFile?culture=en,
a024y00000jqn7bAAA,PT. Jaya Bumi Paser,FSC-C182037,SCS-FM/COC-009365,FM/COC,Valid,Certificate holder,INDONESIA,"23,529.29 ha",2024-01-11T00:00:00,2024-01-11T00:00:00,2029-01-10T00:00:00,,,,JK,"Gedung Graha Mitra Lantai 6, Jl Jend Gatot Subroto Kav 21",12930,https://search-api.fsc.org/api/v1/Certification/a024y00000jqn7bAAA/PrintFile?culture=en,
a0240000007wZE8AAM,PT. Kemakmuran Berkah Timber,FSC-C108663,RA-FM/COC-005938,FM/COC,Terminated,Certificate holder,INDONESIA,"82,194.45 ha",2012-05-22T00:00:00,2017-05-21T00:00:00,,,2017-05-21T00:00:00,,Jakarta,"Ratu Plaza Office Tower Lantai 6, JL. Jenderal Sudirman No 9",10270,https://search-api.fsc.org/api/v1/Certification/a0240000007wZE8AAM/PrintFile?culture=en,
a024000000F7JZfAAN,PT. Korintiga Hutani,FSC-C116385,SGSCH-CW/FM-009866,CW/FM,Valid,Certificate holder,INDONESIA,"94,384.00 ha",2013-05-09T00:00:00,2023-05-09T00:00:00,2026-06-30T00:00:00,,,,,"Wisma Korindo 12 th floor, M.T. Haryono Street Kav 62",12780,https://search-api.fsc.org/api/v1/Certification/a024000000F7JZfAAN/PrintFile?culture=en,
a024000000DXK0CAAX,"PT. Sari Bumi Kusuma - Delang Block, Kalteng",FSC-C114781,CU-CW/FM-819681,CW/FM,Terminated,Certificate holder,INDONESIA,"41,445.00 ha",2013-04-04T00:00:00,2016-01-06T00:00:00,,,2016-01-06T00:00:00,,Jakarta,"Jl. Balikpapan Raya 14, LIK RT.006/02, Petojo Utara,",10130,https://search-api.fsc.org/api/v1/Certification/a024000000DXK0CAAX/PrintFile?culture=en,
a0240000006wDMXAA2,PT. Sarmiento Parakantja Timber,FSC-C105830,SCS-FM/COC-005693,FM/COC,Valid,Certificate holder,INDONESIA,"206,821.63 ha",2011-12-20T00:00:00,2022-11-13T00:00:00,2027-11-12T00:00:00,,,,Kalimantan Tengah,"Jl. Tanah Lapis, Baamanghulu, Kotawaringin Timur",11410,https://search-api.fsc.org/api/v1/Certification/a0240000006wDMXAA2/PrintFile?culture=en,
a023300000dpPcOAAU,PT. Sentosa Hastareksa,FSC-C132260,SCS-FM/COC-005752,FM/COC,Valid,Certificate holder,INDONESIA,346.84 ha,2016-09-26T00:00:00,2022-09-29T00:00:00,2027-09-28T00:00:00,,,,Jawa Barat,Jl. Raya Padalarang No. 273,40553,https://search-api.fsc.org/api/v1/Certification/a023300000dpPcOAAU/PrintFile?culture=en,
a02f300000gHfNqAAK,PT. Sosial Bisnis Indonesia,FSC-C135817,PBN-FM/COC-058291,FM/COC,Valid,Certificate holder,INDONESIA,"1,689.35 ha",2017-05-11T00:00:00,2025-05-31T00:00:00,2027-11-10T00:00:00,,,,DKI Jakarta,"Menara Rajawali, Level 7-1., Jl Dr Ide Anak Agung Gde Agung Lot 5.1, Kawasan Mega Kuningan, Kelurahan Kuningan Timur, Kecamatan Setiabudi",12950,https://search-api.fsc.org/api/v1/Certification/a02f300000gHfNqAAK/PrintFile?culture=en,
a024000000EsQlnAAF,PT. Telagabakti Persada,FSC-C116135,PBN-FM/COC-007454,FM/COC,Valid,Certificate holder,INDONESIA,"51,585.95 ha",2016-06-12T00:00:00,2025-05-31T00:00:00,2027-06-12T00:00:00,,,,Maluku Utara,"Jalan Teratai No. 229, RT 009/RW 002",97715,https://search-api.fsc.org/api/v1/Certification/a024000000EsQlnAAF/PrintFile?culture=en,
a02f300000e1RlkAAE,PT. Wapoga Mutiara Timber Unit II,FSC-C139757,CU-FM/COC-857943,FM/COC,Valid,Certificate holder,INDONESIA,"167,923.00 ha",2018-08-06T00:00:00,2023-08-06T00:00:00,2028-08-05T00:00:00,,,,,Sentra Bisnis Artha Gading. Jl. Boulevard ArthaGading Blok A 6 A no 18. Kelapa Gading,14240,https://search-api.fsc.org/api/v1/Certification/a02f300000e1RlkAAE/PrintFile?culture=en,
a023300000WWPoOAAX,PT. Wapoga Mutiara Timber Unit II,FSC-C127488,RA-CW/FM-007417,CW/FM,Terminated,Certificate holder,INDONESIA,"169,170.00 ha",2016-04-05T00:00:00,2018-12-31T00:00:00,,,2018-12-31T00:00:00,,Jakarta,Jl. Boulevard Artha Gading Blok A 6A No. 18,14240,https://search-api.fsc.org/api/v1/Certification/a023300000WWPoOAAX/PrintFile?culture=en,
a024y00000m5WoSAAU,PT. Wukirasari,FSC-C175674,SCS-FM/COC-008963,FM/COC,Valid,Certificate holder,INDONESIA,"116,320.00 ha",2022-10-28T00:00:00,2022-10-28T00:00:00,2027-10-27T00:00:00,,,,,"Plaza Bank Index 8th, M. H. Thamrin Street 57th",,https://search-api.fsc.org/api/v1/Certification/a024y00000m5WoSAAU/PrintFile?culture=en,
a023300000adOheAAE,PT. Xylo Indah Pratama - Jejawi,FSC-C129917,SCS-FM/COC-005568,FM/COC,Terminated,Certificate holder,INDONESIA,924.21 ha,2016-04-19T00:00:00,2021-03-24T00:00:00,,,2021-03-24T00:00:00,,,"Jl. Jejawi Kayu Agung, Desa Talang Cempedak, Kecamatan Jejawi, Kota Kayu Agung",30652,https://search-api.fsc.org/api/v1/Certification/a023300000adOheAAE/PrintFile?culture=en,
a024000000CtG9OAAV,Pakel,FSC-C114315,SA-FM/COC-004248,FM/COC,Terminated,Site,INDONESIA,222.18 ha,2013-12-05T00:00:00,2016-03-04T00:00:00,,,2016-03-04T00:00:00,,Jawa Timur,Wonosalam RT/RW: 04/01,,https://search-api.fsc.org/api/v1/Certification/a024000000CtG9OAAV/PrintFile?culture=en,
a024000000CtG9OAAV,Panglungan,FSC-C114315,SA-FM/COC-004248,FM/COC,Terminated,Site,INDONESIA,222.18 ha,2013-12-05T00:00:00,2016-03-04T00:00:00,,,2016-03-04T00:00:00,,Jawa Timur,Wonosalam RT/RW: 04/01,,https://search-api.fsc.org/api/v1/Certification/a024000000CtG9OAAV/PrintFile?culture=en,
a02f300000gHfNqAAK,Perkumpulan Kelompok Tani Manggala Pasjaya Banjaranyar,FSC-C135817,PBN-FM/COC-058291,FM/COC,Valid,Site,INDONESIA,"1,689.35 ha",2017-05-11T00:00:00,2025-05-31T00:00:00,2027-11-10T00:00:00,,,,DKI Jakarta,"Menara Rajawali, Level 7-1., Jl Dr Ide Anak Agung Gde Agung Lot 5.1, Kawasan Mega Kuningan, Kelurahan Kuningan Timur, Kecamatan Setiabudi",12950,https://search-api.fsc.org/api/v1/Certification/a02f300000gHfNqAAK/PrintFile?culture=en,
a02f300000gIoDNAA0,Perkumpulan Kelompok Tani Sarimulyo Suka Damai,FSC-C140552,SA-FM/COC-006782,FM/COC,Valid,Certificate holder,INDONESIA,455.80 ha,2019-02-22T00:00:00,2024-02-22T00:00:00,2029-02-21T00:00:00,,,,Province of Jambi,"Jl. Anggrek Poros, Village of Suka Damai, Subdisctrict of Rimbo Ulu",,https://search-api.fsc.org/api/v1/Certification/a02f300000gIoDNAA0/PrintFile?culture=en,
a02f300000gHfNqAAK,Perkumpulan Manunggal Rasa Purworejo,FSC-C135817,PBN-FM/COC-058291,FM/COC,Valid,Site,INDONESIA,"1,689.35 ha",2017-05-11T00:00:00,2025-05-31T00:00:00,2027-11-10T00:00:00,,,,DKI Jakarta,"Menara Rajawali, Level 7-1., Jl Dr Ide Anak Agung Gde Agung Lot 5.1, Kawasan Mega Kuningan, Kelurahan Kuningan Timur, Kecamatan Setiabudi",12950,https://search-api.fsc.org/api/v1/Certification/a02f300000gHfNqAAK/PrintFile?culture=en,
a023300000fxCTvAAM,Perkumpulan Petani Rotan Katingan (P2RK),FSC-C134553,SCS-FM/COC-005915,FM/COC,Valid,Certificate holder,INDONESIA,"1,170.50 ha",2022-08-18T00:00:00,2022-08-18T00:00:00,2027-08-17T00:00:00,,,,,"Hampangin, Kasongan, Kabupaten Katingan",,https://search-api.fsc.org/api/v1/Certification/a023300000fxCTvAAM/PrintFile?culture=en,
a0240000005sSH8AAM,Perum Perhutani,FSC-C007721,SW-FM/COC-053,FM/COC,Terminated,Certificate holder,INDONESIA,0.00 ha,1998-10-15T00:00:00,2003-05-08T00:00:00,2003-10-14T00:00:00,,2003-05-08T00:00:00,,,Manggala Wanabakti Building Block VII FL. 10,10270,https://search-api.fsc.org/api/v1/Certification/a0240000005sSH8AAM/PrintFile?culture=en,
a023300000aym8IAAQ,Perum Perhutani,FSC-C130314,SGSCH-FM/COC-010716,FM/COC,Valid,Certificate holder,INDONESIA,"1,337,738.82 ha",2016-05-19T00:00:00,2025-01-29T00:00:00,2026-05-18T00:00:00,,,,DKI Jakarta,Graha Perhutani Jl. TB Simatupang No. 22,12430,https://search-api.fsc.org/api/v1/Certification/a023300000aym8IAAQ/PrintFile?culture=en,
a024000000OrIqVAAV,Perum Perhutani,FSC-C122861,SGSCH-CW/FM-010314,CW/FM,Terminated,Certificate holder,INDONESIA,"1,073,217.42 ha",2014-10-08T00:00:00,2024-12-19T00:00:00,,,2024-12-19T00:00:00,,Jakarta Selatan,Jl. T.B. Simatupang No. 22 Jati Padang,12540,https://search-api.fsc.org/api/v1/Certification/a024000000OrIqVAAV/PrintFile?culture=en,
a0240000007TnszAAC,Perum Perhutani - KPH Kendal,FSC-C107584,SA-FM/COC-002952,FM/COC,Terminated,Certificate holder,INDONESIA,"20,300.58 ha",2011-09-06T00:00:00,2016-09-05T00:00:00,,,2016-09-05T00:00:00,,,"JL SoeKarno hatta, 322 Kendal 51313",,https://search-api.fsc.org/api/v1/Certification/a0240000007TnszAAC/PrintFile?culture=en,
a0240000007TnJ3AAK,Perum Perhutani Kebonharjo FMU,FSC-C107577,SA-FM/COC-002951,FM/COC,Terminated,Certificate holder,INDONESIA,"17,739.10 ha",2011-09-06T00:00:00,2016-09-05T00:00:00,,,2016-09-05T00:00:00,,,"Jl. Lasem-Jatirogo, PO Box 1",,https://search-api.fsc.org/api/v1/Certification/a0240000007TnJ3AAK/PrintFile?culture=en,
a024000000EXX2LAAX,Perum Perhutani – KPH Banyuwangi Utara,FSC-C115865,SGS-FM/COC-009825,FM/COC,Terminated,Certificate holder,INDONESIA,"33,746.56 ha",2013-04-03T00:00:00,2018-04-02T00:00:00,,,2018-04-02T00:00:00,,,"Jl. Jaksa Agung Supranto no. 34, Banyuwangi",,https://search-api.fsc.org/api/v1/Certification/a024000000EXX2LAAX/PrintFile?culture=en,
a0240000006svyzAAA,Perum Perhutani – KPH Cepu,FSC-C102660,SGS-FM/COC-009318,FM/COC,Terminated,Certificate holder,INDONESIA,"33,047.30 ha",2012-03-28T00:00:00,2017-02-27T00:00:00,,,2017-02-27T00:00:00,,,Jl. Sorogo,,https://search-api.fsc.org/api/v1/Certification/a0240000006svyzAAA/PrintFile?culture=en,
a0240000006uC4HAAU,Perum Perhutani – KPH Ciamis,FSC-C104083,SGS-FM/COC-009418,FM/COC,Terminated,Certificate holder,INDONESIA,"29,857.00 ha",2012-05-28T00:00:00,2017-02-27T00:00:00,,,2017-02-27T00:00:00,,,Jln. Raya Ciamis,,https://search-api.fsc.org/api/v1/Certification/a0240000006uC4HAAU/PrintFile?culture=en,
a024000000EXTgWAAX,Perum Perhutani – KPH Madiun,FSC-C115861,SGS-FM/COC-009824,FM/COC,Terminated,Certificate holder,INDONESIA,"31,222.00 ha",2013-04-03T00:00:00,2018-04-02T00:00:00,,,2018-04-02T00:00:00,,,Jl. Rimba Mulya No. 06,,https://search-api.fsc.org/api/v1/Certification/a024000000EXTgWAAX/PrintFile?culture=en,
a0240000006svz4AAA,Perum Perhutani – KPH Randublatung,FSC-C102661,SGS-FM/COC-009321,FM/COC,Terminated,Certificate holder,INDONESIA,"32,633.50 ha",2012-03-30T00:00:00,2017-02-27T00:00:00,,,2017-02-27T00:00:00,,,Jl. Cepu Blok III/28 –Randublatung,,https://search-api.fsc.org/api/v1/Certification/a0240000006svz4AAA/PrintFile?culture=en,
a024000000CIFVTAA5,Pt. Dwimajaya Utama,FSC-C113883,SCS-FM/COC-004322,FM/COC,Terminated,Certificate holder,INDONESIA,"127,300.00 ha",2012-12-07T00:00:00,2020-05-08T00:00:00,,,2020-05-08T00:00:00,,,"Nucira Building, 3rd floor, MT Haryono Kav. 27",12820,https://search-api.fsc.org/api/v1/Certification/a024000000CIFVTAA5/PrintFile?culture=en,
a0240000008ws4fAAA,Pt. Xylo Indah Pratama (XIP),FSC-C110649,SCS-FM/COC-004141,FM/COC,Valid,Certificate holder,INDONESIA,"5,391.04 ha",2012-04-13T00:00:00,2022-04-19T00:00:00,2027-04-18T00:00:00,,,,DKI Jakarta,Jt. Biduri Bulan Blok I. No. 9-10 Komplek Permata Hijau,,https://search-api.fsc.org/api/v1/Certification/a0240000008ws4fAAA/PrintFile?culture=en,
a02Do0000010Y1KIAU,Rahman Sitompul,FSC-C193018,CU-FM/COC-887216,FM/COC,Valid,Site,INDONESIA,205.82 ha,2024-04-09T00:00:00,2024-04-09T00:00:00,2029-04-08T00:00:00,,,,,"Desa Sait Nihuta Kalangan II, Kecamatan Tukka",,https://search-api.fsc.org/api/v1/Certification/a02Do0000010Y1KIAU/PrintFile?culture=en,
a024000000CtG9OAAV,Sambirejo,FSC-C114315,SA-FM/COC-004248,FM/COC,Terminated,Site,INDONESIA,222.18 ha,2013-12-05T00:00:00,2016-03-04T00:00:00,,,2016-03-04T00:00:00,,Jawa Timur,Wonosalam RT/RW: 04/01,,https://search-api.fsc.org/api/v1/Certification/a024000000CtG9OAAV/PrintFile?culture=en,
a02f300000gIoDNAA0,Sari Mulyo,FSC-C140552,SA-FM/COC-006782,FM/COC,Valid,Site,INDONESIA,455.80 ha,2019-02-22T00:00:00,2024-02-22T00:00:00,2029-02-21T00:00:00,,,,Province of Jambi,"Jl. Anggrek Poros, Village of Suka Damai, Subdisctrict of Rimbo Ulu",,https://search-api.fsc.org/api/v1/Certification/a02f300000gIoDNAA0/PrintFile?culture=en,
a02Do0000010Y1KIAU,Sawaluddin Sitompul,FSC-C193018,CU-FM/COC-887216,FM/COC,Valid,Site,INDONESIA,205.82 ha,2024-04-09T00:00:00,2024-04-09T00:00:00,2029-04-08T00:00:00,,,,,"Desa Sait Nihuta Kalangan II, Kecamatan Tukka",,https://search-api.fsc.org/api/v1/Certification/a02Do0000010Y1KIAU/PrintFile?culture=en,
a02Do000001g7aMIAQ,Sedyo Lestari,FSC-C184818,SCS-FM/COC-009564,FM/COC,Valid,Site,INDONESIA,"1,030.01 ha",2023-04-07T00:00:00,2023-04-07T00:00:00,2028-04-06T00:00:00,,,,ID-YO,Koperasi Wana Manunggal Lestari,55861,https://search-api.fsc.org/api/v1/Certification/a02Do000001g7aMIAQ/PrintFile?culture=en,
a02Do000001g7aMIAQ,Sedyo Makmur,FSC-C184818,SCS-FM/COC-009564,FM/COC,Valid,Site,INDONESIA,"1,030.01 ha",2023-04-07T00:00:00,2023-04-07T00:00:00,2028-04-06T00:00:00,,,,ID-YO,Koperasi Wana Manunggal Lestari,55861,https://search-api.fsc.org/api/v1/Certification/a02Do000001g7aMIAQ/PrintFile?culture=en,
a02Do000001g7aMIAQ,Sedyo Rukun,FSC-C184818,SCS-FM/COC-009564,FM/COC,Valid,Site,INDONESIA,"1,030.01 ha",2023-04-07T00:00:00,2023-04-07T00:00:00,2028-04-06T00:00:00,,,,ID-YO,Koperasi Wana Manunggal Lestari,55861,https://search-api.fsc.org/api/v1/Certification/a02Do000001g7aMIAQ/PrintFile?culture=en,
a02Do000001g7aMIAQ,Sido Dadi,FSC-C184818,SCS-FM/COC-009564,FM/COC,Valid,Site,INDONESIA,"1,030.01 ha",2023-04-07T00:00:00,2023-04-07T00:00:00,2028-04-06T00:00:00,,,,ID-YO,Koperasi Wana Manunggal Lestari,55861,https://search-api.fsc.org/api/v1/Certification/a02Do000001g7aMIAQ/PrintFile?culture=en,
a02Do000001g7aMIAQ,Sido Maju I,FSC-C184818,SCS-FM/COC-009564,FM/COC,Valid,Site,INDONESIA,"1,030.01 ha",2023-04-07T00:00:00,2023-04-07T00:00:00,2028-04-06T00:00:00,,,,ID-YO,Koperasi Wana Manunggal Lestari,55861,https://search-api.fsc.org/api/v1/Certification/a02Do000001g7aMIAQ/PrintFile?culture=en,
a02Do000001g7aMIAQ,Sido Raharjo,FSC-C184818,SCS-FM/COC-009564,FM/COC,Valid,Site,INDONESIA,"1,030.01 ha",2023-04-07T00:00:00,2023-04-07T00:00:00,2028-04-06T00:00:00,,,,ID-YO,Koperasi Wana Manunggal Lestari,55861,https://search-api.fsc.org/api/v1/Certification/a02Do000001g7aMIAQ/PrintFile?culture=en,
a02Do000001g7aMIAQ,Sidodadi III,FSC-C184818,SCS-FM/COC-009564,FM/COC,Valid,Site,INDONESIA,"1,030.01 ha",2023-04-07T00:00:00,2023-04-07T00:00:00,2028-04-06T00:00:00,,,,ID-YO,Koperasi Wana Manunggal Lestari,55861,https://search-api.fsc.org/api/v1/Certification/a02Do000001g7aMIAQ/PrintFile?culture=en,
a02Do000001g7aMIAQ,Sumber Rejeki,FSC-C184818,SCS-FM/COC-009564,FM/COC,Valid,Site,INDONESIA,"1,030.01 ha",2023-04-07T00:00:00,2023-04-07T00:00:00,2028-04-06T00:00:00,,,,ID-YO,Koperasi Wana Manunggal Lestari,55861,https://search-api.fsc.org/api/v1/Certification/a02Do000001g7aMIAQ/PrintFile?culture=en,
a024000000CtG9OAAV,Sumberjo,FSC-C114315,SA-FM/COC-004248,FM/COC,Terminated,Site,INDONESIA,222.18 ha,2013-12-05T00:00:00,2016-03-04T00:00:00,,,2016-03-04T00:00:00,,Jawa Timur,Wonosalam RT/RW: 04/01,,https://search-api.fsc.org/api/v1/Certification/a024000000CtG9OAAV/PrintFile?culture=en,
a02Do000001g7aMIAQ,Tani Manunggal,FSC-C184818,SCS-FM/COC-009564,FM/COC,Valid,Site,INDONESIA,"1,030.01 ha",2023-04-07T00:00:00,2023-04-07T00:00:00,2028-04-06T00:00:00,,,,ID-YO,Koperasi Wana Manunggal Lestari,55861,https://search-api.fsc.org/api/v1/Certification/a02Do000001g7aMIAQ/PrintFile?culture=en,
a02f300000gIoDNAA0,Taruna Tani,FSC-C140552,SA-FM/COC-006782,FM/COC,Valid,Expired site,INDONESIA,455.80 ha,2019-02-22T00:00:00,2024-02-22T00:00:00,2029-02-21T00:00:00,,,,Province of Jambi,"Jl. Anggrek Poros, Village of Suka Damai, Subdisctrict of Rimbo Ulu",,https://search-api.fsc.org/api/v1/Certification/a02f300000gIoDNAA0/PrintFile?culture=en,
a02f300000gIoDNAA0,Tunas Harapan,FSC-C140552,SA-FM/COC-006782,FM/COC,Valid,Site,INDONESIA,455.80 ha,2019-02-22T00:00:00,2024-02-22T00:00:00,2029-02-21T00:00:00,,,,Province of Jambi,"Jl. Anggrek Poros, Village of Suka Damai, Subdisctrict of Rimbo Ulu",,https://search-api.fsc.org/api/v1/Certification/a02f300000gIoDNAA0/PrintFile?culture=en,
a02UV000003AnTyYAK,UD Barito,FSC-C203459,CU-FM/COC-903058,FM/COC,Terminated,Certificate holder,INDONESIA,5.49 ha,,2025-07-02T00:00:00,,,2025-07-02T00:00:00,,Indonesia,Jl. Kasongan Sampit Km. 01 RT.010 RW.002,70123,https://search-api.fsc.org/api/v1/Certification/a02UV000003AnTyYAK/PrintFile?culture=en,
a02Do0000010Y1KIAU,UD. ROSYD S.,FSC-C193018,CU-FM/COC-887216,FM/COC,Valid,Certificate holder,INDONESIA,205.82 ha,2024-04-09T00:00:00,2024-04-09T00:00:00,2029-04-08T00:00:00,,,,,"Desa Sait Nihuta Kalangan II, Kecamatan Tukka",,https://search-api.fsc.org/api/v1/Certification/a02Do0000010Y1KIAU/PrintFile?culture=en,
a02f300000gIoDNAA0,Wasila Makmur,FSC-C140552,SA-FM/COC-006782,FM/COC,Valid,Expired site,INDONESIA,455.80 ha,2019-02-22T00:00:00,2024-02-22T00:00:00,2029-02-21T00:00:00,,,,Province of Jambi,"Jl. Anggrek Poros, Village of Suka Damai, Subdisctrict of Rimbo Ulu",,https://search-api.fsc.org/api/v1/Certification/a02f300000gIoDNAA0/PrintFile?culture=en,
a024000000CtG9OAAV,Wonomerto,FSC-C114315,SA-FM/COC-004248,FM/COC,Terminated,Site,INDONESIA,222.18 ha,2013-12-05T00:00:00,2016-03-04T00:00:00,,,2016-03-04T00:00:00,,Jawa Timur,Wonosalam RT/RW: 04/01,,https://search-api.fsc.org/api/v1/Certification/a024000000CtG9OAAV/PrintFile?culture=en,
a024000000CtG9OAAV,Wonosalam,FSC-C114315,SA-FM/COC-004248,FM/COC,Terminated,Site,INDONESIA,222.18 ha,2013-12-05T00:00:00,2016-03-04T00:00:00,,,2016-03-04T00:00:00,,Jawa Timur,Wonosalam RT/RW: 04/01,,https://search-api.fsc.org/api/v1/Certification/a024000000CtG9OAAV/PrintFile?culture=en,
