filename,pbphh_company,pbphh_location,report_year,report_month,section_id,section_category,section_description,entry_number,entry_name,province,rencana_m3,pbphh_fsc_certified,pbphh_fsc_confidence,pbphh_fsc_status,pbphh_fsc_license,supplier_fsc_certified,supplier_fsc_confidence,supplier_fsc_status,supplier_fsc_license,total_sourcing_m3,concession_total_m3,concession_fsc_m3,concession_nonfsc_m3,other_sourcing_m3,pct_concession_from_fsc,pct_total_from_fsc_concessions
output_P1015_2024_12.pdf,"INDOTAMA OMICRON KAHAR, PT.","Kabupaten/Kota Purworejo, Provinsi Jawa Tengah",2024,Desember,XI,hutan_rakyat_budidaya,Hutan Rakyat Kayu Tanaman Budidaya (Cultivated Community Timber),1,Bandung,Jawa Barat,1000.00,Yes,high,Valid,FSC-C161044,,,,,219500.00,0.00,0.00,0.00,219500.00,,0.0
output_P1015_2024_12.pdf,"INDOTAMA OMICRON KAHAR, PT.","Kabupaten/Kota Purworejo, Provinsi Jawa Tengah",2024,Desember,XI,hutan_rakyat_budidaya,Hutan Rakyat Kayu Tanaman Budidaya (Cultivated Community Timber),2,Bantul,Daerah Istimewa Yogyakarta,1000.00,Yes,high,Valid,FSC-C161044,,,,,219500.00,0.00,0.00,0.00,219500.00,,0.0
output_P1015_2024_12.pdf,"INDOTAMA OMICRON KAHAR, PT.","Kabupaten/Kota Purworejo, Provinsi Jawa Tengah",2024,Desember,XI,hutan_rakyat_budidaya,Hutan Rakyat Kayu Tanaman Budidaya (Cultivated Community Timber),3,Banyumas,Jawa Tengah,1000.00,Yes,high,Valid,FSC-C161044,,,,,219500.00,0.00,0.00,0.00,219500.00,,0.0
output_P1015_2024_12.pdf,"INDOTAMA OMICRON KAHAR, PT.","Kabupaten/Kota Purworejo, Provinsi Jawa Tengah",2024,Desember,XI,hutan_rakyat_budidaya,Hutan Rakyat Kayu Tanaman Budidaya (Cultivated Community Timber),4,Batang,Jawa Tengah,1000.00,Yes,high,Valid,FSC-C161044,,,,,219500.00,0.00,0.00,0.00,219500.00,,0.0
output_P1015_2024_12.pdf,"INDOTAMA OMICRON KAHAR, PT.","Kabupaten/Kota Purworejo, Provinsi Jawa Tengah",2024,Desember,XI,hutan_rakyat_budidaya,Hutan Rakyat Kayu Tanaman Budidaya (Cultivated Community Timber),5,Bogor,Jawa Barat,1000.00,Yes,high,Valid,FSC-C161044,,,,,219500.00,0.00,0.00,0.00,219500.00,,0.0
output_P1015_2024_12.pdf,"INDOTAMA OMICRON KAHAR, PT.","Kabupaten/Kota Purworejo, Provinsi Jawa Tengah",2024,Desember,XI,hutan_rakyat_budidaya,Hutan Rakyat Kayu Tanaman Budidaya (Cultivated Community Timber),6,Boyolali,Jawa Tengah,1000.00,Yes,high,Valid,FSC-C161044,,,,,219500.00,0.00,0.00,0.00,219500.00,,0.0
output_P1015_2024_12.pdf,"INDOTAMA OMICRON KAHAR, PT.","Kabupaten/Kota Purworejo, Provinsi Jawa Tengah",2024,Desember,XI,hutan_rakyat_budidaya,Hutan Rakyat Kayu Tanaman Budidaya (Cultivated Community Timber),7,Brebes,Jawa Tengah,1000.00,Yes,high,Valid,FSC-C161044,,,,,219500.00,0.00,0.00,0.00,219500.00,,0.0
output_P1015_2024_12.pdf,"INDOTAMA OMICRON KAHAR, PT.","Kabupaten/Kota Purworejo, Provinsi Jawa Tengah",2024,Desember,XI,hutan_rakyat_budidaya,Hutan Rakyat Kayu Tanaman Budidaya (Cultivated Community Timber),8,Ciamis,Jawa Barat,4000.00,Yes,high,Valid,FSC-C161044,,,,,219500.00,0.00,0.00,0.00,219500.00,,0.0
output_P1015_2024_12.pdf,"INDOTAMA OMICRON KAHAR, PT.","Kabupaten/Kota Purworejo, Provinsi Jawa Tengah",2024,Desember,XI,hutan_rakyat_budidaya,Hutan Rakyat Kayu Tanaman Budidaya (Cultivated Community Timber),9,Cianjur,Jawa Barat,2000.00,Yes,high,Valid,FSC-C161044,,,,,219500.00,0.00,0.00,0.00,219500.00,,0.0
output_P1015_2024_12.pdf,"INDOTAMA OMICRON KAHAR, PT.","Kabupaten/Kota Purworejo, Provinsi Jawa Tengah",2024,Desember,XI,hutan_rakyat_budidaya,Hutan Rakyat Kayu Tanaman Budidaya (Cultivated Community Timber),10,Cilacap,Jawa Tengah,2000.00,Yes,high,Valid,FSC-C161044,,,,,219500.00,0.00,0.00,0.00,219500.00,,0.0
output_P1015_2024_12.pdf,"INDOTAMA OMICRON KAHAR, PT.","Kabupaten/Kota Purworejo, Provinsi Jawa Tengah",2024,Desember,XI,hutan_rakyat_budidaya,Hutan Rakyat Kayu Tanaman Budidaya (Cultivated Community Timber),11,Garut,Jawa Barat,11000.00,Yes,high,Valid,FSC-C161044,,,,,219500.00,0.00,0.00,0.00,219500.00,,0.0
output_P1015_2024_12.pdf,"INDOTAMA OMICRON KAHAR, PT.","Kabupaten/Kota Purworejo, Provinsi Jawa Tengah",2024,Desember,XI,hutan_rakyat_budidaya,Hutan Rakyat Kayu Tanaman Budidaya (Cultivated Community Timber),12,Gunung Kidul,Daerah Istimewa Yogyakarta,5000.00,Yes,high,Valid,FSC-C161044,,,,,219500.00,0.00,0.00,0.00,219500.00,,0.0
output_P1015_2024_12.pdf,"INDOTAMA OMICRON KAHAR, PT.","Kabupaten/Kota Purworejo, Provinsi Jawa Tengah",2024,Desember,XI,hutan_rakyat_budidaya,Hutan Rakyat Kayu Tanaman Budidaya (Cultivated Community Timber),13,Jepara,Jawa Tengah,1000.00,Yes,high,Valid,FSC-C161044,,,,,219500.00,0.00,0.00,0.00,219500.00,,0.0
output_P1015_2024_12.pdf,"INDOTAMA OMICRON KAHAR, PT.","Kabupaten/Kota Purworejo, Provinsi Jawa Tengah",2024,Desember,XI,hutan_rakyat_budidaya,Hutan Rakyat Kayu Tanaman Budidaya (Cultivated Community Timber),14,Kebumen,Jawa Tengah,5000.00,Yes,high,Valid,FSC-C161044,,,,,219500.00,0.00,0.00,0.00,219500.00,,0.0
output_P1015_2024_12.pdf,"INDOTAMA OMICRON KAHAR, PT.","Kabupaten/Kota Purworejo, Provinsi Jawa Tengah",2024,Desember,XI,hutan_rakyat_budidaya,Hutan Rakyat Kayu Tanaman Budidaya (Cultivated Community Timber),15,Klaten,Jawa Tengah,1000.00,Yes,high,Valid,FSC-C161044,,,,,219500.00,0.00,0.00,0.00,219500.00,,0.0
output_P1015_2024_12.pdf,"INDOTAMA OMICRON KAHAR, PT.","Kabupaten/Kota Purworejo, Provinsi Jawa Tengah",2024,Desember,XI,hutan_rakyat_budidaya,Hutan Rakyat Kayu Tanaman Budidaya (Cultivated Community Timber),16,Kulon Progo,Daerah Istimewa Yogyakarta,19000.00,Yes,high,Valid,FSC-C161044,,,,,219500.00,0.00,0.00,0.00,219500.00,,0.0
output_P1015_2024_12.pdf,"INDOTAMA OMICRON KAHAR, PT.","Kabupaten/Kota Purworejo, Provinsi Jawa Tengah",2024,Desember,XI,hutan_rakyat_budidaya,Hutan Rakyat Kayu Tanaman Budidaya (Cultivated Community Timber),17,Magelang,Jawa Tengah,1000.00,Yes,high,Valid,FSC-C161044,,,,,219500.00,0.00,0.00,0.00,219500.00,,0.0
output_P1015_2024_12.pdf,"INDOTAMA OMICRON KAHAR, PT.","Kabupaten/Kota Purworejo, Provinsi Jawa Tengah",2024,Desember,XI,hutan_rakyat_budidaya,Hutan Rakyat Kayu Tanaman Budidaya (Cultivated Community Timber),18,Pacitan,Jawa Timur,5000.00,Yes,high,Valid,FSC-C161044,,,,,219500.00,0.00,0.00,0.00,219500.00,,0.0
output_P1015_2024_12.pdf,"INDOTAMA OMICRON KAHAR, PT.","Kabupaten/Kota Purworejo, Provinsi Jawa Tengah",2024,Desember,XI,hutan_rakyat_budidaya,Hutan Rakyat Kayu Tanaman Budidaya (Cultivated Community Timber),19,Pangandaran,Jawa Barat,1000.00,Yes,high,Valid,FSC-C161044,,,,,219500.00,0.00,0.00,0.00,219500.00,,0.0
output_P1015_2024_12.pdf,"INDOTAMA OMICRON KAHAR, PT.","Kabupaten/Kota Purworejo, Provinsi Jawa Tengah",2024,Desember,XI,hutan_rakyat_budidaya,Hutan Rakyat Kayu Tanaman Budidaya (Cultivated Community Timber),20,Pekalongan,Jawa Tengah,1000.00,Yes,high,Valid,FSC-C161044,,,,,219500.00,0.00,0.00,0.00,219500.00,,0.0
output_P1015_2024_12.pdf,"INDOTAMA OMICRON KAHAR, PT.","Kabupaten/Kota Purworejo, Provinsi Jawa Tengah",2024,Desember,XI,hutan_rakyat_budidaya,Hutan Rakyat Kayu Tanaman Budidaya (Cultivated Community Timber),21,Ponorogo,Jawa Timur,1000.00,Yes,high,Valid,FSC-C161044,,,,,219500.00,0.00,0.00,0.00,219500.00,,0.0
output_P1015_2024_12.pdf,"INDOTAMA OMICRON KAHAR, PT.","Kabupaten/Kota Purworejo, Provinsi Jawa Tengah",2024,Desember,XI,hutan_rakyat_budidaya,Hutan Rakyat Kayu Tanaman Budidaya (Cultivated Community Timber),22,Purbalingga,Jawa Tengah,1000.00,Yes,high,Valid,FSC-C161044,,,,,219500.00,0.00,0.00,0.00,219500.00,,0.0
output_P1015_2024_12.pdf,"INDOTAMA OMICRON KAHAR, PT.","Kabupaten/Kota Purworejo, Provinsi Jawa Tengah",2024,Desember,XI,hutan_rakyat_budidaya,Hutan Rakyat Kayu Tanaman Budidaya (Cultivated Community Timber),23,Purworejo,Jawa Tengah,119000.00,Yes,high,Valid,FSC-C161044,,,,,219500.00,0.00,0.00,0.00,219500.00,,0.0
output_P1015_2024_12.pdf,"INDOTAMA OMICRON KAHAR, PT.","Kabupaten/Kota Purworejo, Provinsi Jawa Tengah",2024,Desember,XI,hutan_rakyat_budidaya,Hutan Rakyat Kayu Tanaman Budidaya (Cultivated Community Timber),24,Semarang,Jawa Tengah,1000.00,Yes,high,Valid,FSC-C161044,,,,,219500.00,0.00,0.00,0.00,219500.00,,0.0
output_P1015_2024_12.pdf,"INDOTAMA OMICRON KAHAR, PT.","Kabupaten/Kota Purworejo, Provinsi Jawa Tengah",2024,Desember,XI,hutan_rakyat_budidaya,Hutan Rakyat Kayu Tanaman Budidaya (Cultivated Community Timber),25,Sleman,Daerah Istimewa Yogyakarta,1000.00,Yes,high,Valid,FSC-C161044,,,,,219500.00,0.00,0.00,0.00,219500.00,,0.0
output_P1015_2024_12.pdf,"INDOTAMA OMICRON KAHAR, PT.","Kabupaten/Kota Purworejo, Provinsi Jawa Tengah",2024,Desember,XI,hutan_rakyat_budidaya,Hutan Rakyat Kayu Tanaman Budidaya (Cultivated Community Timber),26,Sukabumi,Jawa Barat,1000.00,Yes,high,Valid,FSC-C161044,,,,,219500.00,0.00,0.00,0.00,219500.00,,0.0
output_P1015_2024_12.pdf,"INDOTAMA OMICRON KAHAR, PT.","Kabupaten/Kota Purworejo, Provinsi Jawa Tengah",2024,Desember,XI,hutan_rakyat_budidaya,Hutan Rakyat Kayu Tanaman Budidaya (Cultivated Community Timber),27,Tasikmalaya,Jawa Barat,7000.00,Yes,high,Valid,FSC-C161044,,,,,219500.00,0.00,0.00,0.00,219500.00,,0.0
output_P1015_2024_12.pdf,"INDOTAMA OMICRON KAHAR, PT.","Kabupaten/Kota Purworejo, Provinsi Jawa Tengah",2024,Desember,XI,hutan_rakyat_budidaya,Hutan Rakyat Kayu Tanaman Budidaya (Cultivated Community Timber),28,Trenggalek,Jawa Timur,1000.00,Yes,high,Valid,FSC-C161044,,,,,219500.00,0.00,0.00,0.00,219500.00,,0.0
output_P1015_2024_12.pdf,"INDOTAMA OMICRON KAHAR, PT.","Kabupaten/Kota Purworejo, Provinsi Jawa Tengah",2024,Desember,XI,hutan_rakyat_budidaya,Hutan Rakyat Kayu Tanaman Budidaya (Cultivated Community Timber),29,Wonogiri,Jawa Tengah,2000.00,Yes,high,Valid,FSC-C161044,,,,,219500.00,0.00,0.00,0.00,219500.00,,0.0
output_P1015_2024_12.pdf,"INDOTAMA OMICRON KAHAR, PT.","Kabupaten/Kota Purworejo, Provinsi Jawa Tengah",2024,Desember,XI,hutan_rakyat_budidaya,Hutan Rakyat Kayu Tanaman Budidaya (Cultivated Community Timber),30,Wonosobo,Jawa Tengah,5000.00,Yes,high,Valid,FSC-C161044,,,,,219500.00,0.00,0.00,0.00,219500.00,,0.0
output_P1015_2024_12.pdf,"INDOTAMA OMICRON KAHAR, PT.","Kabupaten/Kota Purworejo, Provinsi Jawa Tengah",2024,Desember,XI,hutan_rakyat_budidaya,Hutan Rakyat Kayu Tanaman Budidaya (Cultivated Community Timber),31,Yogyakarta,Daerah Istimewa Yogyakarta,1000.00,Yes,high,Valid,FSC-C161044,,,,,219500.00,0.00,0.00,0.00,219500.00,,0.0
output_P1015_2024_12.pdf,"INDOTAMA OMICRON KAHAR, PT.","Kabupaten/Kota Purworejo, Provinsi Jawa Tengah",2024,Desember,XV,tptkb,TPTKB/TPKRT/Pengumpul Limbah (Collection Points/Mill Waste),1,Limbah Dari Pabrik Sendiri (Jateng),Jawa Tengah,10000.00,Yes,high,Valid,FSC-C161044,,,,,219500.00,0.00,0.00,0.00,219500.00,,0.0
output_P1015_2024_12.pdf,"INDOTAMA OMICRON KAHAR, PT.","Kabupaten/Kota Purworejo, Provinsi Jawa Tengah",2024,Desember,XVI,iphhk_lain_olahan_setengah_jadi,IPHHK Lain (Other Timber Processors),1,"RHINO PRIMA INDONESIA, PT",Jawa Barat,4500.00,Yes,high,Valid,FSC-C161044,,,,,219500.00,0.00,0.00,0.00,219500.00,,0.0
output_P2025_2024_11.pdf,"KUTAI TIMBER INDONESIA, PT.","Kabupaten/Kota Probolinggo, Provinsi Jawa Timur",2024,November,II,iuphhk_hutan_alam,IUPHHK Pada Hutan Alam (Natural Forest Concession),1,"DUADJA CORP II, PT",Kalimantan Barat,6924.05,Yes,high,Valid,FSC-C013800,No,,,,331209.87,179974.46,104615.31,75359.15,151235.41,58.1,31.6
output_P2025_2024_11.pdf,"KUTAI TIMBER INDONESIA, PT.","Kabupaten/Kota Probolinggo, Provinsi Jawa Timur",2024,November,II,iuphhk_hutan_alam,IUPHHK Pada Hutan Alam (Natural Forest Concession),2,"GEMA HUTANI LESTARI, PT",Maluku,31447.81,Yes,high,Valid,FSC-C013800,Yes,high,Valid,FSC-C114373,331209.87,179974.46,104615.31,75359.15,151235.41,58.1,31.6
output_P2025_2024_11.pdf,"KUTAI TIMBER INDONESIA, PT.","Kabupaten/Kota Probolinggo, Provinsi Jawa Timur",2024,November,II,iuphhk_hutan_alam,IUPHHK Pada Hutan Alam (Natural Forest Concession),3,"GUNUNG GAJAH ABADI, PT",Kalimantan Timur,30167.50,Yes,high,Valid,FSC-C013800,Yes,high,Valid,FSC-C112585,331209.87,179974.46,104615.31,75359.15,151235.41,58.1,31.6
output_P2025_2024_11.pdf,"KUTAI TIMBER INDONESIA, PT.","Kabupaten/Kota Probolinggo, Provinsi Jawa Timur",2024,November,II,iuphhk_hutan_alam,IUPHHK Pada Hutan Alam (Natural Forest Concession),4,"HUTANINDO LESTARI RAYA TIMBER, PT",Kalimantan Tengah,16682.00,Yes,high,Valid,FSC-C013800,No,,,,331209.87,179974.46,104615.31,75359.15,151235.41,58.1,31.6
output_P2025_2024_11.pdf,"KUTAI TIMBER INDONESIA, PT.","Kabupaten/Kota Probolinggo, Provinsi Jawa Timur",2024,November,II,iuphhk_hutan_alam,IUPHHK Pada Hutan Alam (Natural Forest Concession),5,"INHUTANI I, PT (UNIT SAMBARATA)",Kalimantan Timur,20000.00,Yes,high,Valid,FSC-C013800,No,,,,331209.87,179974.46,104615.31,75359.15,151235.41,58.1,31.6
output_P2025_2024_11.pdf,"KUTAI TIMBER INDONESIA, PT.","Kabupaten/Kota Probolinggo, Provinsi Jawa Timur",2024,November,II,iuphhk_hutan_alam,IUPHHK Pada Hutan Alam (Natural Forest Concession),6,"INHUTANI I, PT - UNIT KUNYIT-SIMENDURUT",Kalimantan Utara,7550.00,Yes,high,Valid,FSC-C013800,No,,,,331209.87,179974.46,104615.31,75359.15,151235.41,58.1,31.6
output_P2025_2024_11.pdf,"KUTAI TIMBER INDONESIA, PT.","Kabupaten/Kota Probolinggo, Provinsi Jawa Timur",2024,November,II,iuphhk_hutan_alam,IUPHHK Pada Hutan Alam (Natural Forest Concession),7,"KARDA TRADERS, PT",Kalimantan Tengah,7190.80,Yes,high,Valid,FSC-C013800,No,,,,331209.87,179974.46,104615.31,75359.15,151235.41,58.1,31.6
output_P2025_2024_11.pdf,"KUTAI TIMBER INDONESIA, PT.","Kabupaten/Kota Probolinggo, Provinsi Jawa Timur",2024,November,II,iuphhk_hutan_alam,IUPHHK Pada Hutan Alam (Natural Forest Concession),8,"KARYA LESTARI, PT.",Kalimantan Timur,25000.00,Yes,high,Valid,FSC-C013800,Yes,high,Valid,FSC-C131938,331209.87,179974.46,104615.31,75359.15,151235.41,58.1,31.6
output_P2025_2024_11.pdf,"KUTAI TIMBER INDONESIA, PT.","Kabupaten/Kota Probolinggo, Provinsi Jawa Timur",2024,November,II,iuphhk_hutan_alam,IUPHHK Pada Hutan Alam (Natural Forest Concession),9,KSU. MERANTI TUMBUH INDAH,Kalimantan Utara,5500.00,Yes,high,Valid,FSC-C013800,No,,,,331209.87,179974.46,104615.31,75359.15,151235.41,58.1,31.6
output_P2025_2024_11.pdf,"KUTAI TIMBER INDONESIA, PT.","Kabupaten/Kota Probolinggo, Provinsi Jawa Timur",2024,November,II,iuphhk_hutan_alam,IUPHHK Pada Hutan Alam (Natural Forest Concession),10,"PANCA KARYA, PD",Maluku,2100.00,Yes,high,Valid,FSC-C013800,No,,,,331209.87,179974.46,104615.31,75359.15,151235.41,58.1,31.6
output_P2025_2024_11.pdf,"KUTAI TIMBER INDONESIA, PT.","Kabupaten/Kota Probolinggo, Provinsi Jawa Timur",2024,November,II,iuphhk_hutan_alam,IUPHHK Pada Hutan Alam (Natural Forest Concession),11,"UTAMA DAMAI INDAH TIMBER, PT.",Kalimantan Timur,18000.00,Yes,high,Valid,FSC-C013800,Yes,high,Valid,FSC-C131939,331209.87,179974.46,104615.31,75359.15,151235.41,58.1,31.6
output_P2025_2024_11.pdf,"KUTAI TIMBER INDONESIA, PT.","Kabupaten/Kota Probolinggo, Provinsi Jawa Timur",2024,November,II,iuphhk_hutan_alam,IUPHHK Pada Hutan Alam (Natural Forest Concession),12,"Waenibe Wood Industries, PT (HA)",Maluku,2097.09,Yes,high,Valid,FSC-C013800,No,,,,331209.87,179974.46,104615.31,75359.15,151235.41,58.1,31.6
output_P2025_2024_11.pdf,"KUTAI TIMBER INDONESIA, PT.","Kabupaten/Kota Probolinggo, Provinsi Jawa Timur",2024,November,II,iuphhk_hutan_alam,IUPHHK Pada Hutan Alam (Natural Forest Concession),13,"WAILA WANA LESTARI, KOP.",Maluku,5287.50,Yes,high,Valid,FSC-C013800,No,,,,331209.87,179974.46,104615.31,75359.15,151235.41,58.1,31.6
output_P2025_2024_11.pdf,"KUTAI TIMBER INDONESIA, PT.","Kabupaten/Kota Probolinggo, Provinsi Jawa Timur",2024,November,II,iuphhk_hutan_alam,IUPHHK Pada Hutan Alam (Natural Forest Concession),14,"WANA POTENSI NUSA, PT",Maluku,2027.71,Yes,high,Valid,FSC-C013800,No,,,,331209.87,179974.46,104615.31,75359.15,151235.41,58.1,31.6
output_P2025_2024_11.pdf,"KUTAI TIMBER INDONESIA, PT.","Kabupaten/Kota Probolinggo, Provinsi Jawa Timur",2024,November,VIII,perum_perhutani,Perum Perhutani (State Forestry Corp),1,Unit II - Jawa Timur,Jawa Timur,3000.00,Yes,high,Valid,FSC-C013800,,,,,331209.87,179974.46,104615.31,75359.15,151235.41,58.1,31.6
output_P2025_2024_11.pdf,"KUTAI TIMBER INDONESIA, PT.","Kabupaten/Kota Probolinggo, Provinsi Jawa Timur",2024,November,XI,hutan_rakyat_budidaya,Hutan Rakyat Kayu Tanaman Budidaya (Cultivated Community Timber),1,Bangkalan,Jawa Timur,100.00,Yes,high,Valid,FSC-C013800,,,,,331209.87,179974.46,104615.31,75359.15,151235.41,58.1,31.6
output_P2025_2024_11.pdf,"KUTAI TIMBER INDONESIA, PT.","Kabupaten/Kota Probolinggo, Provinsi Jawa Timur",2024,November,XI,hutan_rakyat_budidaya,Hutan Rakyat Kayu Tanaman Budidaya (Cultivated Community Timber),2,Banyuwangi,Jawa Timur,150.00,Yes,high,Valid,FSC-C013800,,,,,331209.87,179974.46,104615.31,75359.15,151235.41,58.1,31.6
output_P2025_2024_11.pdf,"KUTAI TIMBER INDONESIA, PT.","Kabupaten/Kota Probolinggo, Provinsi Jawa Timur",2024,November,XI,hutan_rakyat_budidaya,Hutan Rakyat Kayu Tanaman Budidaya (Cultivated Community Timber),3,Blitar,Jawa Timur,11450.00,Yes,high,Valid,FSC-C013800,,,,,331209.87,179974.46,104615.31,75359.15,151235.41,58.1,31.6
output_P2025_2024_11.pdf,"KUTAI TIMBER INDONESIA, PT.","Kabupaten/Kota Probolinggo, Provinsi Jawa Timur",2024,November,XI,hutan_rakyat_budidaya,Hutan Rakyat Kayu Tanaman Budidaya (Cultivated Community Timber),4,Bondowoso,Jawa Timur,600.00,Yes,high,Valid,FSC-C013800,,,,,331209.87,179974.46,104615.31,75359.15,151235.41,58.1,31.6
output_P2025_2024_11.pdf,"KUTAI TIMBER INDONESIA, PT.","Kabupaten/Kota Probolinggo, Provinsi Jawa Timur",2024,November,XI,hutan_rakyat_budidaya,Hutan Rakyat Kayu Tanaman Budidaya (Cultivated Community Timber),5,Ciamis,Jawa Barat,300.00,Yes,high,Valid,FSC-C013800,,,,,331209.87,179974.46,104615.31,75359.15,151235.41,58.1,31.6
output_P2025_2024_11.pdf,"KUTAI TIMBER INDONESIA, PT.","Kabupaten/Kota Probolinggo, Provinsi Jawa Timur",2024,November,XI,hutan_rakyat_budidaya,Hutan Rakyat Kayu Tanaman Budidaya (Cultivated Community Timber),6,Garut,Jawa Barat,200.00,Yes,high,Valid,FSC-C013800,,,,,331209.87,179974.46,104615.31,75359.15,151235.41,58.1,31.6
output_P2025_2024_11.pdf,"KUTAI TIMBER INDONESIA, PT.","Kabupaten/Kota Probolinggo, Provinsi Jawa Timur",2024,November,XI,hutan_rakyat_budidaya,Hutan Rakyat Kayu Tanaman Budidaya (Cultivated Community Timber),7,Gresik,Jawa Timur,40.00,Yes,high,Valid,FSC-C013800,,,,,331209.87,179974.46,104615.31,75359.15,151235.41,58.1,31.6
output_P2025_2024_11.pdf,"KUTAI TIMBER INDONESIA, PT.","Kabupaten/Kota Probolinggo, Provinsi Jawa Timur",2024,November,XI,hutan_rakyat_budidaya,Hutan Rakyat Kayu Tanaman Budidaya (Cultivated Community Timber),8,Indramayu,Jawa Barat,150.00,Yes,high,Valid,FSC-C013800,,,,,331209.87,179974.46,104615.31,75359.15,151235.41,58.1,31.6
output_P2025_2024_11.pdf,"KUTAI TIMBER INDONESIA, PT.","Kabupaten/Kota Probolinggo, Provinsi Jawa Timur",2024,November,XI,hutan_rakyat_budidaya,Hutan Rakyat Kayu Tanaman Budidaya (Cultivated Community Timber),9,Jember,Jawa Timur,800.00,Yes,high,Valid,FSC-C013800,,,,,331209.87,179974.46,104615.31,75359.15,151235.41,58.1,31.6
output_P2025_2024_11.pdf,"KUTAI TIMBER INDONESIA, PT.","Kabupaten/Kota Probolinggo, Provinsi Jawa Timur",2024,November,XI,hutan_rakyat_budidaya,Hutan Rakyat Kayu Tanaman Budidaya (Cultivated Community Timber),10,Jepara,Jawa Tengah,100.00,Yes,high,Valid,FSC-C013800,,,,,331209.87,179974.46,104615.31,75359.15,151235.41,58.1,31.6
output_P2025_2024_11.pdf,"KUTAI TIMBER INDONESIA, PT.","Kabupaten/Kota Probolinggo, Provinsi Jawa Timur",2024,November,XI,hutan_rakyat_budidaya,Hutan Rakyat Kayu Tanaman Budidaya (Cultivated Community Timber),11,Jombang,Jawa Timur,200.00,Yes,high,Valid,FSC-C013800,,,,,331209.87,179974.46,104615.31,75359.15,151235.41,58.1,31.6
output_P2025_2024_11.pdf,"KUTAI TIMBER INDONESIA, PT.","Kabupaten/Kota Probolinggo, Provinsi Jawa Timur",2024,November,XI,hutan_rakyat_budidaya,Hutan Rakyat Kayu Tanaman Budidaya (Cultivated Community Timber),12,Karanganyar,Jawa Tengah,100.00,Yes,high,Valid,FSC-C013800,,,,,331209.87,179974.46,104615.31,75359.15,151235.41,58.1,31.6
output_P2025_2024_11.pdf,"KUTAI TIMBER INDONESIA, PT.","Kabupaten/Kota Probolinggo, Provinsi Jawa Timur",2024,November,XI,hutan_rakyat_budidaya,Hutan Rakyat Kayu Tanaman Budidaya (Cultivated Community Timber),13,Kediri,Jawa Timur,40.00,Yes,high,Valid,FSC-C013800,,,,,331209.87,179974.46,104615.31,75359.15,151235.41,58.1,31.6
output_P2025_2024_11.pdf,"KUTAI TIMBER INDONESIA, PT.","Kabupaten/Kota Probolinggo, Provinsi Jawa Timur",2024,November,XI,hutan_rakyat_budidaya,Hutan Rakyat Kayu Tanaman Budidaya (Cultivated Community Timber),14,Kuningan,Jawa Barat,200.00,Yes,high,Valid,FSC-C013800,,,,,331209.87,179974.46,104615.31,75359.15,151235.41,58.1,31.6
output_P2025_2024_11.pdf,"KUTAI TIMBER INDONESIA, PT.","Kabupaten/Kota Probolinggo, Provinsi Jawa Timur",2024,November,XI,hutan_rakyat_budidaya,Hutan Rakyat Kayu Tanaman Budidaya (Cultivated Community Timber),15,Lumajang,Jawa Timur,41614.26,Yes,high,Valid,FSC-C013800,,,,,331209.87,179974.46,104615.31,75359.15,151235.41,58.1,31.6
output_P2025_2024_11.pdf,"KUTAI TIMBER INDONESIA, PT.","Kabupaten/Kota Probolinggo, Provinsi Jawa Timur",2024,November,XI,hutan_rakyat_budidaya,Hutan Rakyat Kayu Tanaman Budidaya (Cultivated Community Timber),16,Magelang,Jawa Tengah,6700.00,Yes,high,Valid,FSC-C013800,,,,,331209.87,179974.46,104615.31,75359.15,151235.41,58.1,31.6
output_P2025_2024_11.pdf,"KUTAI TIMBER INDONESIA, PT.","Kabupaten/Kota Probolinggo, Provinsi Jawa Timur",2024,November,XI,hutan_rakyat_budidaya,Hutan Rakyat Kayu Tanaman Budidaya (Cultivated Community Timber),17,Malang,Jawa Timur,16000.00,Yes,high,Valid,FSC-C013800,,,,,331209.87,179974.46,104615.31,75359.15,151235.41,58.1,31.6
output_P2025_2024_11.pdf,"KUTAI TIMBER INDONESIA, PT.","Kabupaten/Kota Probolinggo, Provinsi Jawa Timur",2024,November,XI,hutan_rakyat_budidaya,Hutan Rakyat Kayu Tanaman Budidaya (Cultivated Community Timber),18,Mojokerto,Jawa Timur,250.00,Yes,high,Valid,FSC-C013800,,,,,331209.87,179974.46,104615.31,75359.15,151235.41,58.1,31.6
output_P2025_2024_11.pdf,"KUTAI TIMBER INDONESIA, PT.","Kabupaten/Kota Probolinggo, Provinsi Jawa Timur",2024,November,XI,hutan_rakyat_budidaya,Hutan Rakyat Kayu Tanaman Budidaya (Cultivated Community Timber),19,Pacitan,Jawa Timur,150.00,Yes,high,Valid,FSC-C013800,,,,,331209.87,179974.46,104615.31,75359.15,151235.41,58.1,31.6
output_P2025_2024_11.pdf,"KUTAI TIMBER INDONESIA, PT.","Kabupaten/Kota Probolinggo, Provinsi Jawa Timur",2024,November,XI,hutan_rakyat_budidaya,Hutan Rakyat Kayu Tanaman Budidaya (Cultivated Community Timber),20,Pasuruan,Jawa Timur,12500.00,Yes,high,Valid,FSC-C013800,,,,,331209.87,179974.46,104615.31,75359.15,151235.41,58.1,31.6
output_P2025_2024_11.pdf,"KUTAI TIMBER INDONESIA, PT.","Kabupaten/Kota Probolinggo, Provinsi Jawa Timur",2024,November,XI,hutan_rakyat_budidaya,Hutan Rakyat Kayu Tanaman Budidaya (Cultivated Community Timber),21,Probolinggo,Jawa Timur,25682.90,Yes,high,Valid,FSC-C013800,,,,,331209.87,179974.46,104615.31,75359.15,151235.41,58.1,31.6
output_P2025_2024_11.pdf,"KUTAI TIMBER INDONESIA, PT.","Kabupaten/Kota Probolinggo, Provinsi Jawa Timur",2024,November,XI,hutan_rakyat_budidaya,Hutan Rakyat Kayu Tanaman Budidaya (Cultivated Community Timber),22,Situbondo,Jawa Timur,640.00,Yes,high,Valid,FSC-C013800,,,,,331209.87,179974.46,104615.31,75359.15,151235.41,58.1,31.6
output_P2025_2024_11.pdf,"KUTAI TIMBER INDONESIA, PT.","Kabupaten/Kota Probolinggo, Provinsi Jawa Timur",2024,November,XI,hutan_rakyat_budidaya,Hutan Rakyat Kayu Tanaman Budidaya (Cultivated Community Timber),23,Tasikmalaya,Jawa Barat,1147.97,Yes,high,Valid,FSC-C013800,,,,,331209.87,179974.46,104615.31,75359.15,151235.41,58.1,31.6
output_P2025_2024_11.pdf,"KUTAI TIMBER INDONESIA, PT.","Kabupaten/Kota Probolinggo, Provinsi Jawa Timur",2024,November,XI,hutan_rakyat_budidaya,Hutan Rakyat Kayu Tanaman Budidaya (Cultivated Community Timber),24,Temanggung,Jawa Tengah,100.00,Yes,high,Valid,FSC-C013800,,,,,331209.87,179974.46,104615.31,75359.15,151235.41,58.1,31.6
output_P2025_2024_11.pdf,"KUTAI TIMBER INDONESIA, PT.","Kabupaten/Kota Probolinggo, Provinsi Jawa Timur",2024,November,XI,hutan_rakyat_budidaya,Hutan Rakyat Kayu Tanaman Budidaya (Cultivated Community Timber),25,Trenggalek,Jawa Timur,150.00,Yes,high,Valid,FSC-C013800,,,,,331209.87,179974.46,104615.31,75359.15,151235.41,58.1,31.6
output_P2025_2024_11.pdf,"KUTAI TIMBER INDONESIA, PT.","Kabupaten/Kota Probolinggo, Provinsi Jawa Timur",2024,November,XI,hutan_rakyat_budidaya,Hutan Rakyat Kayu Tanaman Budidaya (Cultivated Community Timber),26,Wonosobo,Jawa Tengah,104.87,Yes,high,Valid,FSC-C013800,,,,,331209.87,179974.46,104615.31,75359.15,151235.41,58.1,31.6
output_P2025_2024_11.pdf,"KUTAI TIMBER INDONESIA, PT.","Kabupaten/Kota Probolinggo, Provinsi Jawa Timur",2024,November,XII,kayu_perkebunan,Kayu Perkebunan (Plantation Timber),1,PTPN XII,Jawa Timur,15000.00,Yes,high,Valid,FSC-C013800,,,,,331209.87,179974.46,104615.31,75359.15,151235.41,58.1,31.6
output_P2025_2024_11.pdf,"KUTAI TIMBER INDONESIA, PT.","Kabupaten/Kota Probolinggo, Provinsi Jawa Timur",2024,November,XIII,impor,Impor Kayu (Timber Import),1,TPT FORESTS LIMITED (New Zealand),Impor Bahan Baku,28.77,Yes,high,Valid,FSC-C013800,,,,,331209.87,179974.46,104615.31,75359.15,151235.41,58.1,31.6
output_P2025_2024_11.pdf,"KUTAI TIMBER INDONESIA, PT.","Kabupaten/Kota Probolinggo, Provinsi Jawa Timur",2024,November,XV,tptkb,TPTKB/TPKRT/Pengumpul Limbah (Collection Points/Mill Waste),1,"ALAM MAKMUR KAYUNUSA, PT (TPT-KB di Gresik)",Jawa Timur,2733.04,Yes,high,Valid,FSC-C013800,,,,,331209.87,179974.46,104615.31,75359.15,151235.41,58.1,31.6
output_P2025_2024_11.pdf,"KUTAI TIMBER INDONESIA, PT.","Kabupaten/Kota Probolinggo, Provinsi Jawa Timur",2024,November,XV,tptkb,TPTKB/TPKRT/Pengumpul Limbah (Collection Points/Mill Waste),2,"GEMA LESTARI INDONESIA, PT",Jawa Timur,5320.00,Yes,high,Valid,FSC-C013800,,,,,331209.87,179974.46,104615.31,75359.15,151235.41,58.1,31.6
output_P2025_2024_11.pdf,"KUTAI TIMBER INDONESIA, PT.","Kabupaten/Kota Probolinggo, Provinsi Jawa Timur",2024,November,XVI,iphhk_lain_kayu_bulat,IPHHK Lain (Other Timber Processors),1,"BINTANG TERANG, CV",Jawa Timur,2127.00,Yes,high,Valid,FSC-C013800,,,,,331209.87,179974.46,104615.31,75359.15,151235.41,58.1,31.6
output_P2025_2024_11.pdf,"KUTAI TIMBER INDONESIA, PT.","Kabupaten/Kota Probolinggo, Provinsi Jawa Timur",2024,November,XVI,iphhk_lain_kayu_bulat,IPHHK Lain (Other Timber Processors),2,"JAWA TIMUR BARU, CV.",Jawa Timur,1238.42,Yes,high,Valid,FSC-C013800,,,,,331209.87,179974.46,104615.31,75359.15,151235.41,58.1,31.6
output_P2025_2024_11.pdf,"KUTAI TIMBER INDONESIA, PT.","Kabupaten/Kota Probolinggo, Provinsi Jawa Timur",2024,November,XVI,iphhk_lain_kayu_bulat,IPHHK Lain (Other Timber Processors),3,"SUKSES PRATAMA LESTARI, PT",Jawa Timur,1268.18,Yes,high,Valid,FSC-C013800,,,,,331209.87,179974.46,104615.31,75359.15,151235.41,58.1,31.6
output_P2025_2024_11.pdf,"KUTAI TIMBER INDONESIA, PT.","Kabupaten/Kota Probolinggo, Provinsi Jawa Timur",2024,November,XVI,iphhk_lain_kayu_bulat,IPHHK Lain (Other Timber Processors),4,"SURYA SARITAMA, PT",Jawa Timur,1050.00,Yes,high,Valid,FSC-C013800,,,,,331209.87,179974.46,104615.31,75359.15,151235.41,58.1,31.6
output_P2135_2024_12.pdf,"SUMBER MAS INDAH PLYWOOD (Gresik), PT.","Kabupaten/Kota Gresik, Provinsi Jawa Timur",2024,Desember,II,iuphhk_hutan_alam,IUPHHK Pada Hutan Alam (Natural Forest Concession),1,"BERKAT CAHAYA TIMBER, PT",Kalimantan Tengah,3485.00,Yes,high,Valid,FSC-C108040,No,,,,255862.03,225698.84,40323.55,185375.29,30163.19,17.9,15.8
output_P2135_2024_12.pdf,"SUMBER MAS INDAH PLYWOOD (Gresik), PT.","Kabupaten/Kota Gresik, Provinsi Jawa Timur",2024,Desember,II,iuphhk_hutan_alam,IUPHHK Pada Hutan Alam (Natural Forest Concession),2,"CAKRA SEJATI SEMPURNA, PT",Kalimantan Tengah,12925.47,Yes,high,Valid,FSC-C108040,No,,,,255862.03,225698.84,40323.55,185375.29,30163.19,17.9,15.8
output_P2135_2024_12.pdf,"SUMBER MAS INDAH PLYWOOD (Gresik), PT.","Kabupaten/Kota Gresik, Provinsi Jawa Timur",2024,Desember,II,iuphhk_hutan_alam,IUPHHK Pada Hutan Alam (Natural Forest Concession),3,"CARUS INDONESIA, PT",Kalimantan Tengah,2661.10,Yes,high,Valid,FSC-C108040,Yes,high,Terminated,FSC-C122684,255862.03,225698.84,40323.55,185375.29,30163.19,17.9,15.8
output_P2135_2024_12.pdf,"SUMBER MAS INDAH PLYWOOD (Gresik), PT.","Kabupaten/Kota Gresik, Provinsi Jawa Timur",2024,Desember,II,iuphhk_hutan_alam,IUPHHK Pada Hutan Alam (Natural Forest Concession),4,"DUADJA CORP II, PT",Kalimantan Barat,6788.58,Yes,high,Valid,FSC-C108040,No,,,,255862.03,225698.84,40323.55,185375.29,30163.19,17.9,15.8
output_P2135_2024_12.pdf,"SUMBER MAS INDAH PLYWOOD (Gresik), PT.","Kabupaten/Kota Gresik, Provinsi Jawa Timur",2024,Desember,II,iuphhk_hutan_alam,IUPHHK Pada Hutan Alam (Natural Forest Concession),5,"DWIMA JAYA UTAMA, PT",Kalimantan Tengah,6079.51,Yes,high,Valid,FSC-C108040,No,,,,255862.03,225698.84,40323.55,185375.29,30163.19,17.9,15.8
output_P2135_2024_12.pdf,"SUMBER MAS INDAH PLYWOOD (Gresik), PT.","Kabupaten/Kota Gresik, Provinsi Jawa Timur",2024,Desember,II,iuphhk_hutan_alam,IUPHHK Pada Hutan Alam (Natural Forest Concession),6,"FITAMAYA ASMAPARA, PT",Kalimantan Tengah,3766.19,Yes,high,Valid,FSC-C108040,No,,,,255862.03,225698.84,40323.55,185375.29,30163.19,17.9,15.8
output_P2135_2024_12.pdf,"SUMBER MAS INDAH PLYWOOD (Gresik), PT.","Kabupaten/Kota Gresik, Provinsi Jawa Timur",2024,Desember,II,iuphhk_hutan_alam,IUPHHK Pada Hutan Alam (Natural Forest Concession),7,"GEMA HUTANI LESTARI, PT",Maluku,3834.52,Yes,high,Valid,FSC-C108040,Yes,high,Valid,FSC-C114373,255862.03,225698.84,40323.55,185375.29,30163.19,17.9,15.8
output_P2135_2024_12.pdf,"SUMBER MAS INDAH PLYWOOD (Gresik), PT.","Kabupaten/Kota Gresik, Provinsi Jawa Timur",2024,Desember,II,iuphhk_hutan_alam,IUPHHK Pada Hutan Alam (Natural Forest Concession),8,"GRAHA SENTOSA ABADI, PT",Kalimantan Tengah,2741.84,Yes,high,Valid,FSC-C108040,No (low match),low,Valid,FSC-C118412,255862.03,225698.84,40323.55,185375.29,30163.19,17.9,15.8
output_P2135_2024_12.pdf,"SUMBER MAS INDAH PLYWOOD (Gresik), PT.","Kabupaten/Kota Gresik, Provinsi Jawa Timur",2024,Desember,II,iuphhk_hutan_alam,IUPHHK Pada Hutan Alam (Natural Forest Concession),9,"HANURATA COY LTD, PT (UNIT SANGKULIRANG)",Kalimantan Timur,2556.73,Yes,high,Valid,FSC-C108040,No,,,,255862.03,225698.84,40323.55,185375.29,30163.19,17.9,15.8
output_P2135_2024_12.pdf,"SUMBER MAS INDAH PLYWOOD (Gresik), PT.","Kabupaten/Kota Gresik, Provinsi Jawa Timur",2024,Desember,II,iuphhk_hutan_alam,IUPHHK Pada Hutan Alam (Natural Forest Concession),10,"HUTAN DOMAS RAYA, PT",Kalimantan Tengah,1417.76,Yes,high,Valid,FSC-C108040,No,,,,255862.03,225698.84,40323.55,185375.29,30163.19,17.9,15.8
output_P2135_2024_12.pdf,"SUMBER MAS INDAH PLYWOOD (Gresik), PT.","Kabupaten/Kota Gresik, Provinsi Jawa Timur",2024,Desember,II,iuphhk_hutan_alam,IUPHHK Pada Hutan Alam (Natural Forest Concession),11,"HUTAN MULYA, PT",Kalimantan Tengah,2893.67,Yes,high,Valid,FSC-C108040,No,,,,255862.03,225698.84,40323.55,185375.29,30163.19,17.9,15.8
output_P2135_2024_12.pdf,"SUMBER MAS INDAH PLYWOOD (Gresik), PT.","Kabupaten/Kota Gresik, Provinsi Jawa Timur",2024,Desember,II,iuphhk_hutan_alam,IUPHHK Pada Hutan Alam (Natural Forest Concession),12,"INHUTANI I, PT (UNIT SAMBARATA)",Kalimantan Timur,8314.31,Yes,high,Valid,FSC-C108040,No,,,,255862.03,225698.84,40323.55,185375.29,30163.19,17.9,15.8
output_P2135_2024_12.pdf,"SUMBER MAS INDAH PLYWOOD (Gresik), PT.","Kabupaten/Kota Gresik, Provinsi Jawa Timur",2024,Desember,II,iuphhk_hutan_alam,IUPHHK Pada Hutan Alam (Natural Forest Concession),13,"INHUTANI I, PT - UNIT KUNYIT-SIMENDURUT",Kalimantan Utara,7868.26,Yes,high,Valid,FSC-C108040,No,,,,255862.03,225698.84,40323.55,185375.29,30163.19,17.9,15.8
output_P2135_2024_12.pdf,"SUMBER MAS INDAH PLYWOOD (Gresik), PT.","Kabupaten/Kota Gresik, Provinsi Jawa Timur",2024,Desember,II,iuphhk_hutan_alam,IUPHHK Pada Hutan Alam (Natural Forest Concession),14,"KAYU WAJA, PT",Kalimantan Tengah,2345.75,Yes,high,Valid,FSC-C108040,No,,,,255862.03,225698.84,40323.55,185375.29,30163.19,17.9,15.8
output_P2135_2024_12.pdf,"SUMBER MAS INDAH PLYWOOD (Gresik), PT.","Kabupaten/Kota Gresik, Provinsi Jawa Timur",2024,Desember,II,iuphhk_hutan_alam,IUPHHK Pada Hutan Alam (Natural Forest Concession),15,KSU. MERANTI TUMBUH INDAH,Kalimantan Utara,27535.82,Yes,high,Valid,FSC-C108040,No,,,,255862.03,225698.84,40323.55,185375.29,30163.19,17.9,15.8
output_P2135_2024_12.pdf,"SUMBER MAS INDAH PLYWOOD (Gresik), PT.","Kabupaten/Kota Gresik, Provinsi Jawa Timur",2024,Desember,II,iuphhk_hutan_alam,IUPHHK Pada Hutan Alam (Natural Forest Concession),16,"MAHKOTA RIMBA UTAMA, PT",Kalimantan Barat,3401.09,Yes,high,Valid,FSC-C108040,No,,,,255862.03,225698.84,40323.55,185375.29,30163.19,17.9,15.8
output_P2135_2024_12.pdf,"SUMBER MAS INDAH PLYWOOD (Gresik), PT.","Kabupaten/Kota Gresik, Provinsi Jawa Timur",2024,Desember,II,iuphhk_hutan_alam,IUPHHK Pada Hutan Alam (Natural Forest Concession),17,"MERANTI SAKTI INDONESIA, PT",Kalimantan Utara,42734.80,Yes,high,Valid,FSC-C108040,No,,,,255862.03,225698.84,40323.55,185375.29,30163.19,17.9,15.8
output_P2135_2024_12.pdf,"SUMBER MAS INDAH PLYWOOD (Gresik), PT.","Kabupaten/Kota Gresik, Provinsi Jawa Timur",2024,Desember,II,iuphhk_hutan_alam,IUPHHK Pada Hutan Alam (Natural Forest Concession),18,"PANCA KARYA, PD",Maluku,5000.00,Yes,high,Valid,FSC-C108040,No,,,,255862.03,225698.84,40323.55,185375.29,30163.19,17.9,15.8
output_P2135_2024_12.pdf,"SUMBER MAS INDAH PLYWOOD (Gresik), PT.","Kabupaten/Kota Gresik, Provinsi Jawa Timur",2024,Desember,II,iuphhk_hutan_alam,IUPHHK Pada Hutan Alam (Natural Forest Concession),19,"RIMBA MAKMUR SENTOSA, PT (Kaltara)",Kalimantan Utara,3363.53,Yes,high,Valid,FSC-C108040,No,,,,255862.03,225698.84,40323.55,185375.29,30163.19,17.9,15.8
output_P2135_2024_12.pdf,"SUMBER MAS INDAH PLYWOOD (Gresik), PT.","Kabupaten/Kota Gresik, Provinsi Jawa Timur",2024,Desember,II,iuphhk_hutan_alam,IUPHHK Pada Hutan Alam (Natural Forest Concession),20,"SAMUDERA REJEKI PERKASA, PT",Kalimantan Tengah,8840.65,Yes,high,Valid,FSC-C108040,No,,,,255862.03,225698.84,40323.55,185375.29,30163.19,17.9,15.8
output_P2135_2024_12.pdf,"SUMBER MAS INDAH PLYWOOD (Gresik), PT.","Kabupaten/Kota Gresik, Provinsi Jawa Timur",2024,Desember,II,iuphhk_hutan_alam,IUPHHK Pada Hutan Alam (Natural Forest Concession),21,"SARANA PIRANTI UTAMA, PT",Kalimantan Tengah,996.67,Yes,high,Valid,FSC-C108040,No,,,,255862.03,225698.84,40323.55,185375.29,30163.19,17.9,15.8
output_P2135_2024_12.pdf,"SUMBER MAS INDAH PLYWOOD (Gresik), PT.","Kabupaten/Kota Gresik, Provinsi Jawa Timur",2024,Desember,II,iuphhk_hutan_alam,IUPHHK Pada Hutan Alam (Natural Forest Concession),22,"SIKATAN WANA RAYA, PT",Kalimantan Tengah,16198.24,Yes,high,Valid,FSC-C108040,No,,,,255862.03,225698.84,40323.55,185375.29,30163.19,17.9,15.8
output_P2135_2024_12.pdf,"SUMBER MAS INDAH PLYWOOD (Gresik), PT.","Kabupaten/Kota Gresik, Provinsi Jawa Timur",2024,Desember,II,iuphhk_hutan_alam,IUPHHK Pada Hutan Alam (Natural Forest Concession),23,"SILVA SELARAS UTAMA, PT",Kalimantan Timur,1411.13,Yes,high,Valid,FSC-C108040,No,,,,255862.03,225698.84,40323.55,185375.29,30163.19,17.9,15.8
output_P2135_2024_12.pdf,"SUMBER MAS INDAH PLYWOOD (Gresik), PT.","Kabupaten/Kota Gresik, Provinsi Jawa Timur",2024,Desember,II,iuphhk_hutan_alam,IUPHHK Pada Hutan Alam (Natural Forest Concession),24,"SUMALINDO LESTARI JAYA IV, PT",Kalimantan Timur,33827.93,Yes,high,Valid,FSC-C108040,Yes,high,Terminated,FSC-C134794,255862.03,225698.84,40323.55,185375.29,30163.19,17.9,15.8
output_P2135_2024_12.pdf,"SUMBER MAS INDAH PLYWOOD (Gresik), PT.","Kabupaten/Kota Gresik, Provinsi Jawa Timur",2024,Desember,II,iuphhk_hutan_alam,IUPHHK Pada Hutan Alam (Natural Forest Concession),25,"Waenibe Wood Industries, PT (HA)",Maluku,2600.00,Yes,high,Valid,FSC-C108040,No,,,,255862.03,225698.84,40323.55,185375.29,30163.19,17.9,15.8
output_P2135_2024_12.pdf,"SUMBER MAS INDAH PLYWOOD (Gresik), PT.","Kabupaten/Kota Gresik, Provinsi Jawa Timur",2024,Desember,II,iuphhk_hutan_alam,IUPHHK Pada Hutan Alam (Natural Forest Concession),26,"WAILA WANA LESTARI, KOP.",Maluku,2550.00,Yes,high,Valid,FSC-C108040,No,,,,255862.03,225698.84,40323.55,185375.29,30163.19,17.9,15.8
output_P2135_2024_12.pdf,"SUMBER MAS INDAH PLYWOOD (Gresik), PT.","Kabupaten/Kota Gresik, Provinsi Jawa Timur",2024,Desember,II,iuphhk_hutan_alam,IUPHHK Pada Hutan Alam (Natural Forest Concession),27,"WIJAYA KENCANA INDONESIA, PT",Maluku Utara,9560.29,Yes,high,Valid,FSC-C108040,No,,,,255862.03,225698.84,40323.55,185375.29,30163.19,17.9,15.8
output_P2135_2024_12.pdf,"SUMBER MAS INDAH PLYWOOD (Gresik), PT.","Kabupaten/Kota Gresik, Provinsi Jawa Timur",2024,Desember,XI,hutan_rakyat_budidaya,Hutan Rakyat Kayu Tanaman Budidaya (Cultivated Community Timber),1,Balikpapan,Kalimantan Timur,337.99,Yes,high,Valid,FSC-C108040,,,,,255862.03,225698.84,40323.55,185375.29,30163.19,17.9,15.8
output_P2135_2024_12.pdf,"SUMBER MAS INDAH PLYWOOD (Gresik), PT.","Kabupaten/Kota Gresik, Provinsi Jawa Timur",2024,Desember,XI,hutan_rakyat_budidaya,Hutan Rakyat Kayu Tanaman Budidaya (Cultivated Community Timber),2,Blitar,Jawa Timur,25.49,Yes,high,Valid,FSC-C108040,,,,,255862.03,225698.84,40323.55,185375.29,30163.19,17.9,15.8
output_P2135_2024_12.pdf,"SUMBER MAS INDAH PLYWOOD (Gresik), PT.","Kabupaten/Kota Gresik, Provinsi Jawa Timur",2024,Desember,XI,hutan_rakyat_budidaya,Hutan Rakyat Kayu Tanaman Budidaya (Cultivated Community Timber),3,Ciamis,Jawa Barat,231.55,Yes,high,Valid,FSC-C108040,,,,,255862.03,225698.84,40323.55,185375.29,30163.19,17.9,15.8
output_P2135_2024_12.pdf,"SUMBER MAS INDAH PLYWOOD (Gresik), PT.","Kabupaten/Kota Gresik, Provinsi Jawa Timur",2024,Desember,XI,hutan_rakyat_budidaya,Hutan Rakyat Kayu Tanaman Budidaya (Cultivated Community Timber),4,Gresik,Jawa Timur,374.42,Yes,high,Valid,FSC-C108040,,,,,255862.03,225698.84,40323.55,185375.29,30163.19,17.9,15.8
output_P2135_2024_12.pdf,"SUMBER MAS INDAH PLYWOOD (Gresik), PT.","Kabupaten/Kota Gresik, Provinsi Jawa Timur",2024,Desember,XI,hutan_rakyat_budidaya,Hutan Rakyat Kayu Tanaman Budidaya (Cultivated Community Timber),5,Hulu Sungai Selatan,Kalimantan Selatan,25.45,Yes,high,Valid,FSC-C108040,,,,,255862.03,225698.84,40323.55,185375.29,30163.19,17.9,15.8
output_P2135_2024_12.pdf,"SUMBER MAS INDAH PLYWOOD (Gresik), PT.","Kabupaten/Kota Gresik, Provinsi Jawa Timur",2024,Desember,XI,hutan_rakyat_budidaya,Hutan Rakyat Kayu Tanaman Budidaya (Cultivated Community Timber),6,Kapuas,Kalimantan Tengah,2925.89,Yes,high,Valid,FSC-C108040,,,,,255862.03,225698.84,40323.55,185375.29,30163.19,17.9,15.8
output_P2135_2024_12.pdf,"SUMBER MAS INDAH PLYWOOD (Gresik), PT.","Kabupaten/Kota Gresik, Provinsi Jawa Timur",2024,Desember,XI,hutan_rakyat_budidaya,Hutan Rakyat Kayu Tanaman Budidaya (Cultivated Community Timber),7,Katingan,Kalimantan Tengah,181.03,Yes,high,Valid,FSC-C108040,,,,,255862.03,225698.84,40323.55,185375.29,30163.19,17.9,15.8
output_P2135_2024_12.pdf,"SUMBER MAS INDAH PLYWOOD (Gresik), PT.","Kabupaten/Kota Gresik, Provinsi Jawa Timur",2024,Desember,XI,hutan_rakyat_budidaya,Hutan Rakyat Kayu Tanaman Budidaya (Cultivated Community Timber),8,Kediri,Jawa Timur,9.41,Yes,high,Valid,FSC-C108040,,,,,255862.03,225698.84,40323.55,185375.29,30163.19,17.9,15.8
output_P2135_2024_12.pdf,"SUMBER MAS INDAH PLYWOOD (Gresik), PT.","Kabupaten/Kota Gresik, Provinsi Jawa Timur",2024,Desember,XI,hutan_rakyat_budidaya,Hutan Rakyat Kayu Tanaman Budidaya (Cultivated Community Timber),9,Kotabaru,Kalimantan Selatan,369.99,Yes,high,Valid,FSC-C108040,,,,,255862.03,225698.84,40323.55,185375.29,30163.19,17.9,15.8
output_P2135_2024_12.pdf,"SUMBER MAS INDAH PLYWOOD (Gresik), PT.","Kabupaten/Kota Gresik, Provinsi Jawa Timur",2024,Desember,XI,hutan_rakyat_budidaya,Hutan Rakyat Kayu Tanaman Budidaya (Cultivated Community Timber),10,Kotawaringin Timur,Kalimantan Tengah,33.36,Yes,high,Valid,FSC-C108040,,,,,255862.03,225698.84,40323.55,185375.29,30163.19,17.9,15.8
output_P2135_2024_12.pdf,"SUMBER MAS INDAH PLYWOOD (Gresik), PT.","Kabupaten/Kota Gresik, Provinsi Jawa Timur",2024,Desember,XI,hutan_rakyat_budidaya,Hutan Rakyat Kayu Tanaman Budidaya (Cultivated Community Timber),11,Kulon Progo,Daerah Istimewa Yogyakarta,1926.18,Yes,high,Valid,FSC-C108040,,,,,255862.03,225698.84,40323.55,185375.29,30163.19,17.9,15.8
output_P2135_2024_12.pdf,"SUMBER MAS INDAH PLYWOOD (Gresik), PT.","Kabupaten/Kota Gresik, Provinsi Jawa Timur",2024,Desember,XI,hutan_rakyat_budidaya,Hutan Rakyat Kayu Tanaman Budidaya (Cultivated Community Timber),12,Kutai Barat,Kalimantan Timur,41.50,Yes,high,Valid,FSC-C108040,,,,,255862.03,225698.84,40323.55,185375.29,30163.19,17.9,15.8
output_P2135_2024_12.pdf,"SUMBER MAS INDAH PLYWOOD (Gresik), PT.","Kabupaten/Kota Gresik, Provinsi Jawa Timur",2024,Desember,XI,hutan_rakyat_budidaya,Hutan Rakyat Kayu Tanaman Budidaya (Cultivated Community Timber),13,Kutai Kartanegara,Kalimantan Timur,621.49,Yes,high,Valid,FSC-C108040,,,,,255862.03,225698.84,40323.55,185375.29,30163.19,17.9,15.8
output_P2135_2024_12.pdf,"SUMBER MAS INDAH PLYWOOD (Gresik), PT.","Kabupaten/Kota Gresik, Provinsi Jawa Timur",2024,Desember,XI,hutan_rakyat_budidaya,Hutan Rakyat Kayu Tanaman Budidaya (Cultivated Community Timber),14,Malang,Jawa Timur,9080.26,Yes,high,Valid,FSC-C108040,,,,,255862.03,225698.84,40323.55,185375.29,30163.19,17.9,15.8
output_P2135_2024_12.pdf,"SUMBER MAS INDAH PLYWOOD (Gresik), PT.","Kabupaten/Kota Gresik, Provinsi Jawa Timur",2024,Desember,XI,hutan_rakyat_budidaya,Hutan Rakyat Kayu Tanaman Budidaya (Cultivated Community Timber),15,Pulang Pisau,Kalimantan Tengah,9826.88,Yes,high,Valid,FSC-C108040,,,,,255862.03,225698.84,40323.55,185375.29,30163.19,17.9,15.8
output_P2135_2024_12.pdf,"SUMBER MAS INDAH PLYWOOD (Gresik), PT.","Kabupaten/Kota Gresik, Provinsi Jawa Timur",2024,Desember,XI,hutan_rakyat_budidaya,Hutan Rakyat Kayu Tanaman Budidaya (Cultivated Community Timber),16,Purworejo,Jawa Tengah,3600.00,Yes,high,Valid,FSC-C108040,,,,,255862.03,225698.84,40323.55,185375.29,30163.19,17.9,15.8
output_P2135_2024_12.pdf,"SUMBER MAS INDAH PLYWOOD (Gresik), PT.","Kabupaten/Kota Gresik, Provinsi Jawa Timur",2024,Desember,XI,hutan_rakyat_budidaya,Hutan Rakyat Kayu Tanaman Budidaya (Cultivated Community Timber),17,Samarinda,Kalimantan Timur,504.96,Yes,high,Valid,FSC-C108040,,,,,255862.03,225698.84,40323.55,185375.29,30163.19,17.9,15.8
output_P2135_2024_12.pdf,"SUMBER MAS INDAH PLYWOOD (Gresik), PT.","Kabupaten/Kota Gresik, Provinsi Jawa Timur",2024,Desember,XI,hutan_rakyat_budidaya,Hutan Rakyat Kayu Tanaman Budidaya (Cultivated Community Timber),18,Temanggung,Jawa Tengah,47.34,Yes,high,Valid,FSC-C108040,,,,,255862.03,225698.84,40323.55,185375.29,30163.19,17.9,15.8
output_P2169_2024_12.pdf,"KHARISMA JAYA GEMILANG, PT","Kabupaten/Kota Semarang, Provinsi Jawa Tengah",2024,Desember,II,iuphhk_hutan_alam,IUPHHK Pada Hutan Alam (Natural Forest Concession),1,"BARITO PUTERA, PT",Kalimantan Tengah,7121.03,Yes,high,Valid,FSC-C104967,No (low match),low,Terminated,FSC-C203459,96441.26,87782.32,26571.93,61210.39,8658.94,30.3,27.6
output_P2169_2024_12.pdf,"KHARISMA JAYA GEMILANG, PT","Kabupaten/Kota Semarang, Provinsi Jawa Tengah",2024,Desember,II,iuphhk_hutan_alam,IUPHHK Pada Hutan Alam (Natural Forest Concession),2,"BINA MULTI ALAM LESTARI, PT",Kalimantan Tengah,3065.26,Yes,high,Valid,FSC-C104967,No,,,,96441.26,87782.32,26571.93,61210.39,8658.94,30.3,27.6
output_P2169_2024_12.pdf,"KHARISMA JAYA GEMILANG, PT","Kabupaten/Kota Semarang, Provinsi Jawa Tengah",2024,Desember,II,iuphhk_hutan_alam,IUPHHK Pada Hutan Alam (Natural Forest Concession),3,"CARUS INDONESIA, PT",Kalimantan Tengah,5137.49,Yes,high,Valid,FSC-C104967,Yes,high,Terminated,FSC-C122684,96441.26,87782.32,26571.93,61210.39,8658.94,30.3,27.6
output_P2169_2024_12.pdf,"KHARISMA JAYA GEMILANG, PT","Kabupaten/Kota Semarang, Provinsi Jawa Tengah",2024,Desember,II,iuphhk_hutan_alam,IUPHHK Pada Hutan Alam (Natural Forest Concession),4,"DWIMA JAYA UTAMA, PT",Kalimantan Tengah,252.13,Yes,high,Valid,FSC-C104967,No,,,,96441.26,87782.32,26571.93,61210.39,8658.94,30.3,27.6
output_P2169_2024_12.pdf,"KHARISMA JAYA GEMILANG, PT","Kabupaten/Kota Semarang, Provinsi Jawa Tengah",2024,Desember,II,iuphhk_hutan_alam,IUPHHK Pada Hutan Alam (Natural Forest Concession),5,"FITAMAYA ASMAPARA, PT",Kalimantan Tengah,8779.75,Yes,high,Valid,FSC-C104967,No,,,,96441.26,87782.32,26571.93,61210.39,8658.94,30.3,27.6
output_P2169_2024_12.pdf,"KHARISMA JAYA GEMILANG, PT","Kabupaten/Kota Semarang, Provinsi Jawa Tengah",2024,Desember,II,iuphhk_hutan_alam,IUPHHK Pada Hutan Alam (Natural Forest Concession),6,"GRAHA SENTOSA PERMAI, PT",Kalimantan Tengah,9532.08,Yes,high,Valid,FSC-C104967,Yes,high,Valid,FSC-C118412,96441.26,87782.32,26571.93,61210.39,8658.94,30.3,27.6
output_P2169_2024_12.pdf,"KHARISMA JAYA GEMILANG, PT","Kabupaten/Kota Semarang, Provinsi Jawa Tengah",2024,Desember,II,iuphhk_hutan_alam,IUPHHK Pada Hutan Alam (Natural Forest Concession),7,"GUNUNG MURO WAHANAJAYA, PT",Kalimantan Tengah,3080.50,Yes,high,Valid,FSC-C104967,No,,,,96441.26,87782.32,26571.93,61210.39,8658.94,30.3,27.6
output_P2169_2024_12.pdf,"KHARISMA JAYA GEMILANG, PT","Kabupaten/Kota Semarang, Provinsi Jawa Tengah",2024,Desember,II,iuphhk_hutan_alam,IUPHHK Pada Hutan Alam (Natural Forest Concession),8,"HUTAN DOMAS RAYA, PT",Kalimantan Tengah,3417.26,Yes,high,Valid,FSC-C104967,No,,,,96441.26,87782.32,26571.93,61210.39,8658.94,30.3,27.6
output_P2169_2024_12.pdf,"KHARISMA JAYA GEMILANG, PT","Kabupaten/Kota Semarang, Provinsi Jawa Tengah",2024,Desember,II,iuphhk_hutan_alam,IUPHHK Pada Hutan Alam (Natural Forest Concession),9,"HUTAN MULYA, PT",Kalimantan Tengah,120.65,Yes,high,Valid,FSC-C104967,No,,,,96441.26,87782.32,26571.93,61210.39,8658.94,30.3,27.6
output_P2169_2024_12.pdf,"KHARISMA JAYA GEMILANG, PT","Kabupaten/Kota Semarang, Provinsi Jawa Tengah",2024,Desember,II,iuphhk_hutan_alam,IUPHHK Pada Hutan Alam (Natural Forest Concession),10,"INDEXIM UTAMA CORP., PT",Kalimantan Tengah,7213.24,Yes,high,Valid,FSC-C104967,Yes,high,Valid,FSC-C116852,96441.26,87782.32,26571.93,61210.39,8658.94,30.3,27.6
output_P2169_2024_12.pdf,"KHARISMA JAYA GEMILANG, PT","Kabupaten/Kota Semarang, Provinsi Jawa Tengah",2024,Desember,II,iuphhk_hutan_alam,IUPHHK Pada Hutan Alam (Natural Forest Concession),11,"KAHAYAN TERANG ABADI, PT",Kalimantan Tengah,1269.64,Yes,high,Valid,FSC-C104967,No,,,,96441.26,87782.32,26571.93,61210.39,8658.94,30.3,27.6
output_P2169_2024_12.pdf,"KHARISMA JAYA GEMILANG, PT","Kabupaten/Kota Semarang, Provinsi Jawa Tengah",2024,Desember,II,iuphhk_hutan_alam,IUPHHK Pada Hutan Alam (Natural Forest Concession),12,"KAYU WAJA, PT",Kalimantan Tengah,7992.52,Yes,high,Valid,FSC-C104967,No,,,,96441.26,87782.32,26571.93,61210.39,8658.94,30.3,27.6
output_P2169_2024_12.pdf,"KHARISMA JAYA GEMILANG, PT","Kabupaten/Kota Semarang, Provinsi Jawa Tengah",2024,Desember,II,iuphhk_hutan_alam,IUPHHK Pada Hutan Alam (Natural Forest Concession),13,"PANDU JAYA GEMILANG AGUNG, PT",Kalimantan Tengah,5390.76,Yes,high,Valid,FSC-C104967,No,,,,96441.26,87782.32,26571.93,61210.39,8658.94,30.3,27.6
output_P2169_2024_12.pdf,"KHARISMA JAYA GEMILANG, PT","Kabupaten/Kota Semarang, Provinsi Jawa Tengah",2024,Desember,II,iuphhk_hutan_alam,IUPHHK Pada Hutan Alam (Natural Forest Concession),14,"RIZKI KACIDA REANA, PT",Kalimantan Timur,0.00,Yes,high,Valid,FSC-C104967,No (low match),low,Valid,FSC-C129145,96441.26,87782.32,26571.93,61210.39,8658.94,30.3,27.6
output_P2169_2024_12.pdf,"KHARISMA JAYA GEMILANG, PT","Kabupaten/Kota Semarang, Provinsi Jawa Tengah",2024,Desember,II,iuphhk_hutan_alam,IUPHHK Pada Hutan Alam (Natural Forest Concession),15,"SARANA PIRANTI UTAMA, PT",Kalimantan Tengah,1184.44,Yes,high,Valid,FSC-C104967,No,,,,96441.26,87782.32,26571.93,61210.39,8658.94,30.3,27.6
output_P2169_2024_12.pdf,"KHARISMA JAYA GEMILANG, PT","Kabupaten/Kota Semarang, Provinsi Jawa Tengah",2024,Desember,II,iuphhk_hutan_alam,IUPHHK Pada Hutan Alam (Natural Forest Concession),16,"SINDO LUMBER, PT",Kalimantan Tengah,3185.01,Yes,high,Valid,FSC-C104967,No,,,,96441.26,87782.32,26571.93,61210.39,8658.94,30.3,27.6
output_P2169_2024_12.pdf,"KHARISMA JAYA GEMILANG, PT","Kabupaten/Kota Semarang, Provinsi Jawa Tengah",2024,Desember,II,iuphhk_hutan_alam,IUPHHK Pada Hutan Alam (Natural Forest Concession),17,"SUMALINDO LESTARI JAYA IV, PT",Kalimantan Timur,4689.12,Yes,high,Valid,FSC-C104967,Yes,high,Terminated,FSC-C134794,96441.26,87782.32,26571.93,61210.39,8658.94,30.3,27.6
output_P2169_2024_12.pdf,"KHARISMA JAYA GEMILANG, PT","Kabupaten/Kota Semarang, Provinsi Jawa Tengah",2024,Desember,II,iuphhk_hutan_alam,IUPHHK Pada Hutan Alam (Natural Forest Concession),18,"WANA INTI KAHURIPAN INTIGA, PT",Kalimantan Tengah,5112.81,Yes,high,Valid,FSC-C104967,No,,,,96441.26,87782.32,26571.93,61210.39,8658.94,30.3,27.6
output_P2169_2024_12.pdf,"KHARISMA JAYA GEMILANG, PT","Kabupaten/Kota Semarang, Provinsi Jawa Tengah",2024,Desember,XV,tptkb,TPTKB/TPKRT/Pengumpul Limbah (Collection Points/Mill Waste),1,"JOLOY MOSAK, PT (TPT-KB)",Kalimantan Tengah,3849.50,Yes,high,Valid,FSC-C104967,,,,,96441.26,87782.32,26571.93,61210.39,8658.94,30.3,27.6
output_P2169_2024_12.pdf,"KHARISMA JAYA GEMILANG, PT","Kabupaten/Kota Semarang, Provinsi Jawa Tengah",2024,Desember,XVI,iphhk_lain_kayu_bulat,IPHHK Lain (Other Timber Processors),1,"CIPTA WIJAYA MANDIRI, PT.",Jawa Tengah,17.88,Yes,high,Valid,FSC-C104967,,,,,96441.26,87782.32,26571.93,61210.39,8658.94,30.3,27.6
output_P2169_2024_12.pdf,"KHARISMA JAYA GEMILANG, PT","Kabupaten/Kota Semarang, Provinsi Jawa Tengah",2024,Desember,XVI,iphhk_lain_kayu_bulat,IPHHK Lain (Other Timber Processors),2,SURYA SATRYA TIMUR. PT,Kalimantan Selatan,4791.56,Yes,high,Valid,FSC-C104967,,,,,96441.26,87782.32,26571.93,61210.39,8658.94,30.3,27.6
output_P2169_2024_12.pdf,"KHARISMA JAYA GEMILANG, PT","Kabupaten/Kota Semarang, Provinsi Jawa Tengah",2024,Desember,XVII,area_penyiapan_ht,Area Penyiapan Lahan HT (Plantation Land Preparation),1,"TANJUNG REDEB HUTANI, PT (Penyiapan Lahan pada Areal HA Bekas Tebangan)",Kalimantan Timur,11238.63,Yes,high,Valid,FSC-C104967,No,,,,96441.26,87782.32,26571.93,61210.39,8658.94,30.3,27.6
output_P2213_2024_12.pdf,"DHARMA PUTRA KALIMANTAN SEJATI, PT","Kabupaten/Kota Barito Kuala, Provinsi Kalimantan Selatan",2024,Desember,II,iuphhk_hutan_alam,IUPHHK Pada Hutan Alam (Natural Forest Concession),1,"ADIMITRA LESTARI, PT",Kalimantan Utara,8473.90,No,,,,No,,,,65822.24,64939.57,0.00,64939.57,882.67,0.0,0.0
output_P2213_2024_12.pdf,"DHARMA PUTRA KALIMANTAN SEJATI, PT","Kabupaten/Kota Barito Kuala, Provinsi Kalimantan Selatan",2024,Desember,II,iuphhk_hutan_alam,IUPHHK Pada Hutan Alam (Natural Forest Concession),2,"DASA INTIGA, PT",Kalimantan Tengah,3026.58,No,,,,No,,,,65822.24,64939.57,0.00,64939.57,882.67,0.0,0.0
output_P2213_2024_12.pdf,"DHARMA PUTRA KALIMANTAN SEJATI, PT","Kabupaten/Kota Barito Kuala, Provinsi Kalimantan Selatan",2024,Desember,II,iuphhk_hutan_alam,IUPHHK Pada Hutan Alam (Natural Forest Concession),3,"GUNUNG MURO WAHANAJAYA, PT",Kalimantan Tengah,34665.46,No,,,,No,,,,65822.24,64939.57,0.00,64939.57,882.67,0.0,0.0
output_P2213_2024_12.pdf,"DHARMA PUTRA KALIMANTAN SEJATI, PT","Kabupaten/Kota Barito Kuala, Provinsi Kalimantan Selatan",2024,Desember,II,iuphhk_hutan_alam,IUPHHK Pada Hutan Alam (Natural Forest Concession),4,"PANDU JAYA GEMILANG AGUNG, PT",Kalimantan Tengah,18773.63,No,,,,No,,,,65822.24,64939.57,0.00,64939.57,882.67,0.0,0.0
output_P2213_2024_12.pdf,"DHARMA PUTRA KALIMANTAN SEJATI, PT","Kabupaten/Kota Barito Kuala, Provinsi Kalimantan Selatan",2024,Desember,XI,hutan_rakyat_budidaya,Hutan Rakyat Kayu Tanaman Budidaya (Cultivated Community Timber),1,Kapuas,Kalimantan Tengah,43.12,No,,,,,,,,65822.24,64939.57,0.00,64939.57,882.67,0.0,0.0
output_P2213_2024_12.pdf,"DHARMA PUTRA KALIMANTAN SEJATI, PT","Kabupaten/Kota Barito Kuala, Provinsi Kalimantan Selatan",2024,Desember,XI,hutan_rakyat_budidaya,Hutan Rakyat Kayu Tanaman Budidaya (Cultivated Community Timber),2,Pulang Pisau,Kalimantan Tengah,839.55,No,,,,,,,,65822.24,64939.57,0.00,64939.57,882.67,0.0,0.0
output_P5296_2024_12.pdf,"SURYA SARITAMA, PT","Kabupaten/Kota Surabaya, Provinsi Jawa Timur",2024,Desember,II,iuphhk_hutan_alam,IUPHHK Pada Hutan Alam (Natural Forest Concession),1,"GUNUNG GAJAH ABADI, PT",Kalimantan Timur,7011.10,Yes,high,Valid,FSC-C003174,Yes,high,Valid,FSC-C112585,38489.28,24394.82,12926.46,11468.36,14094.46,53.0,33.6
output_P5296_2024_12.pdf,"SURYA SARITAMA, PT","Kabupaten/Kota Surabaya, Provinsi Jawa Timur",2024,Desember,II,iuphhk_hutan_alam,IUPHHK Pada Hutan Alam (Natural Forest Concession),2,"KARYA JAYA BERDIKARI, PT",Maluku,313.95,Yes,high,Valid,FSC-C003174,No,,,,38489.28,24394.82,12926.46,11468.36,14094.46,53.0,33.6
output_P5296_2024_12.pdf,"SURYA SARITAMA, PT","Kabupaten/Kota Surabaya, Provinsi Jawa Timur",2024,Desember,II,iuphhk_hutan_alam,IUPHHK Pada Hutan Alam (Natural Forest Concession),3,"KARYA LESTARI, PT.",Kalimantan Timur,3881.45,Yes,high,Valid,FSC-C003174,Yes,high,Valid,FSC-C131938,38489.28,24394.82,12926.46,11468.36,14094.46,53.0,33.6
output_P5296_2024_12.pdf,"SURYA SARITAMA, PT","Kabupaten/Kota Surabaya, Provinsi Jawa Timur",2024,Desember,II,iuphhk_hutan_alam,IUPHHK Pada Hutan Alam (Natural Forest Concession),4,"NUSAPADMA CORPORATION, PT (Prov. Maluku)",Maluku,4551.89,Yes,high,Valid,FSC-C003174,No,,,,38489.28,24394.82,12926.46,11468.36,14094.46,53.0,33.6
output_P5296_2024_12.pdf,"SURYA SARITAMA, PT","Kabupaten/Kota Surabaya, Provinsi Jawa Timur",2024,Desember,II,iuphhk_hutan_alam,IUPHHK Pada Hutan Alam (Natural Forest Concession),5,"UTAMA DAMAI INDAH TIMBER, PT.",Kalimantan Timur,2033.91,Yes,high,Valid,FSC-C003174,Yes,high,Valid,FSC-C131939,38489.28,24394.82,12926.46,11468.36,14094.46,53.0,33.6
output_P5296_2024_12.pdf,"SURYA SARITAMA, PT","Kabupaten/Kota Surabaya, Provinsi Jawa Timur",2024,Desember,II,iuphhk_hutan_alam,IUPHHK Pada Hutan Alam (Natural Forest Concession),6,"WAILA WANA LESTARI, KOP.",Maluku,6602.52,Yes,high,Valid,FSC-C003174,No,,,,38489.28,24394.82,12926.46,11468.36,14094.46,53.0,33.6
output_P5296_2024_12.pdf,"SURYA SARITAMA, PT","Kabupaten/Kota Surabaya, Provinsi Jawa Timur",2024,Desember,XVI,iphhk_lain_kayu_bulat,IPHHK Lain (Other Timber Processors),1,"BINTANG TERANG, CV",Jawa Timur,2176.75,Yes,high,Valid,FSC-C003174,,,,,38489.28,24394.82,12926.46,11468.36,14094.46,53.0,33.6
output_P5296_2024_12.pdf,"SURYA SARITAMA, PT","Kabupaten/Kota Surabaya, Provinsi Jawa Timur",2024,Desember,XVI,iphhk_lain_kayu_bulat,IPHHK Lain (Other Timber Processors),2,"KUTAI TIMBER INDONESIA, PT.",Jawa Timur,4286.50,Yes,high,Valid,FSC-C003174,,,,,38489.28,24394.82,12926.46,11468.36,14094.46,53.0,33.6
output_P5296_2024_12.pdf,"SURYA SARITAMA, PT","Kabupaten/Kota Surabaya, Provinsi Jawa Timur",2024,Desember,XVI,iphhk_lain_kayu_bulat,IPHHK Lain (Other Timber Processors),3,"NUSANTARA TIMBER PRATAMA, PT",Jawa Timur,131.21,Yes,high,Valid,FSC-C003174,,,,,38489.28,24394.82,12926.46,11468.36,14094.46,53.0,33.6
output_P5296_2024_12.pdf,"SURYA SARITAMA, PT","Kabupaten/Kota Surabaya, Provinsi Jawa Timur",2024,Desember,XVI,iphhk_lain_kayu_bulat,IPHHK Lain (Other Timber Processors),4,"WAENIBE WOOD INDUSTRIES, PT. (IPHHK)",Maluku,7500.00,Yes,high,Valid,FSC-C003174,,,,,38489.28,24394.82,12926.46,11468.36,14094.46,53.0,33.6
output_P6429_2024_12.pdf,"KAYU MULTIGUNA INDONESIA, PT","Kabupaten/Kota Surabaya, Provinsi Jawa Timur",2024,Desember,II,iuphhk_hutan_alam,IUPHHK Pada Hutan Alam (Natural Forest Concession),1,"GEMA HUTANI LESTARI, PT",Maluku,17492.88,Yes,high,Valid,FSC-C002863,Yes,high,Valid,FSC-C114373,54770.88,20879.88,17492.88,3387.00,33891.00,83.8,31.9
output_P6429_2024_12.pdf,"KAYU MULTIGUNA INDONESIA, PT","Kabupaten/Kota Surabaya, Provinsi Jawa Timur",2024,Desember,VI,hutan_rakyat_alami,Hutan Rakyat Kayu Tumbuh Alami (Natural Community Forest),1,PHAT a.n Dasoy dkk,Kalimantan Tengah,100.00,Yes,high,Valid,FSC-C002863,,,,,54770.88,20879.88,17492.88,3387.00,33891.00,83.8,31.9
output_P6429_2024_12.pdf,"KAYU MULTIGUNA INDONESIA, PT","Kabupaten/Kota Surabaya, Provinsi Jawa Timur",2024,Desember,VIII,perum_perhutani,Perum Perhutani (State Forestry Corp),1,Unit II - Jawa Timur,Jawa Timur,3000.00,Yes,high,Valid,FSC-C002863,,,,,54770.88,20879.88,17492.88,3387.00,33891.00,83.8,31.9
output_P6429_2024_12.pdf,"KAYU MULTIGUNA INDONESIA, PT","Kabupaten/Kota Surabaya, Provinsi Jawa Timur",2024,Desember,X,ils_ipk,Izin Lainnya (ILS/IPK - Other Permits),1,"BINA SARANA SAWIT UTAMA, PT (PKKNK)",Kalimantan Tengah,1800.00,Yes,high,Valid,FSC-C002863,No,,,,54770.88,20879.88,17492.88,3387.00,33891.00,83.8,31.9
output_P6429_2024_12.pdf,"KAYU MULTIGUNA INDONESIA, PT","Kabupaten/Kota Surabaya, Provinsi Jawa Timur",2024,Desember,X,ils_ipk,Izin Lainnya (ILS/IPK - Other Permits),2,"GRAHA EQUITY INVESTMENT, PT (IPPKH di Kab Kapuas)",Kalimantan Tengah,949.27,Yes,high,Valid,FSC-C002863,No,,,,54770.88,20879.88,17492.88,3387.00,33891.00,83.8,31.9
output_P6429_2024_12.pdf,"KAYU MULTIGUNA INDONESIA, PT","Kabupaten/Kota Surabaya, Provinsi Jawa Timur",2024,Desember,XI,hutan_rakyat_budidaya,Hutan Rakyat Kayu Tanaman Budidaya (Cultivated Community Timber),1,Bojonegoro,Jawa Timur,1000.00,Yes,high,Valid,FSC-C002863,,,,,54770.88,20879.88,17492.88,3387.00,33891.00,83.8,31.9
output_P6429_2024_12.pdf,"KAYU MULTIGUNA INDONESIA, PT","Kabupaten/Kota Surabaya, Provinsi Jawa Timur",2024,Desember,XI,hutan_rakyat_budidaya,Hutan Rakyat Kayu Tanaman Budidaya (Cultivated Community Timber),2,Bondowoso,Jawa Timur,100.00,Yes,high,Valid,FSC-C002863,,,,,54770.88,20879.88,17492.88,3387.00,33891.00,83.8,31.9
output_P6429_2024_12.pdf,"KAYU MULTIGUNA INDONESIA, PT","Kabupaten/Kota Surabaya, Provinsi Jawa Timur",2024,Desember,XI,hutan_rakyat_budidaya,Hutan Rakyat Kayu Tanaman Budidaya (Cultivated Community Timber),3,Lamongan,Jawa Timur,2000.00,Yes,high,Valid,FSC-C002863,,,,,54770.88,20879.88,17492.88,3387.00,33891.00,83.8,31.9
output_P6429_2024_12.pdf,"KAYU MULTIGUNA INDONESIA, PT","Kabupaten/Kota Surabaya, Provinsi Jawa Timur",2024,Desember,XI,hutan_rakyat_budidaya,Hutan Rakyat Kayu Tanaman Budidaya (Cultivated Community Timber),4,Lampung Selatan,Lampung,461.40,Yes,high,Valid,FSC-C002863,,,,,54770.88,20879.88,17492.88,3387.00,33891.00,83.8,31.9
output_P6429_2024_12.pdf,"KAYU MULTIGUNA INDONESIA, PT","Kabupaten/Kota Surabaya, Provinsi Jawa Timur",2024,Desember,XI,hutan_rakyat_budidaya,Hutan Rakyat Kayu Tanaman Budidaya (Cultivated Community Timber),5,Lumajang,Jawa Timur,1000.00,Yes,high,Valid,FSC-C002863,,,,,54770.88,20879.88,17492.88,3387.00,33891.00,83.8,31.9
output_P6429_2024_12.pdf,"KAYU MULTIGUNA INDONESIA, PT","Kabupaten/Kota Surabaya, Provinsi Jawa Timur",2024,Desember,XI,hutan_rakyat_budidaya,Hutan Rakyat Kayu Tanaman Budidaya (Cultivated Community Timber),6,Pacitan,Jawa Timur,500.00,Yes,high,Valid,FSC-C002863,,,,,54770.88,20879.88,17492.88,3387.00,33891.00,83.8,31.9
output_P6429_2024_12.pdf,"KAYU MULTIGUNA INDONESIA, PT","Kabupaten/Kota Surabaya, Provinsi Jawa Timur",2024,Desember,XI,hutan_rakyat_budidaya,Hutan Rakyat Kayu Tanaman Budidaya (Cultivated Community Timber),7,Ponorogo,Jawa Timur,500.00,Yes,high,Valid,FSC-C002863,,,,,54770.88,20879.88,17492.88,3387.00,33891.00,83.8,31.9
output_P6429_2024_12.pdf,"KAYU MULTIGUNA INDONESIA, PT","Kabupaten/Kota Surabaya, Provinsi Jawa Timur",2024,Desember,XIII,impor,Impor Kayu (Timber Import),1,"DIY WOOD CO.,LIMITED",Impor Bahan Baku,55.00,Yes,high,Valid,FSC-C002863,,,,,54770.88,20879.88,17492.88,3387.00,33891.00,83.8,31.9
output_P6429_2024_12.pdf,"KAYU MULTIGUNA INDONESIA, PT","Kabupaten/Kota Surabaya, Provinsi Jawa Timur",2024,Desember,XV,tptkb,TPTKB/TPKRT/Pengumpul Limbah (Collection Points/Mill Waste),1,Limbah Dari Pabrik Sendiri (Jatim),Jawa Timur,20000.00,Yes,high,Valid,FSC-C002863,,,,,54770.88,20879.88,17492.88,3387.00,33891.00,83.8,31.9
output_P6429_2024_12.pdf,"KAYU MULTIGUNA INDONESIA, PT","Kabupaten/Kota Surabaya, Provinsi Jawa Timur",2024,Desember,XVI,iphhk_lain_kayu_bulat,IPHHK Lain (Other Timber Processors),1,"DEWATA INDUSTRINDO FORESTRY, PT",Jawa Timur,200.00,Yes,high,Valid,FSC-C002863,,,,,54770.88,20879.88,17492.88,3387.00,33891.00,83.8,31.9
output_P6429_2024_12.pdf,"KAYU MULTIGUNA INDONESIA, PT","Kabupaten/Kota Surabaya, Provinsi Jawa Timur",2024,Desember,XVI,iphhk_lain_kayu_bulat,IPHHK Lain (Other Timber Processors),2,"JUITA, UD",Kalimantan Tengah,172.60,Yes,high,Valid,FSC-C002863,,,,,54770.88,20879.88,17492.88,3387.00,33891.00,83.8,31.9
output_P6429_2024_12.pdf,"KAYU MULTIGUNA INDONESIA, PT","Kabupaten/Kota Surabaya, Provinsi Jawa Timur",2024,Desember,XVI,iphhk_lain_kayu_bulat,IPHHK Lain (Other Timber Processors),3,"SUKSES PRATAMA LESTARI, PT",Jawa Timur,200.00,Yes,high,Valid,FSC-C002863,,,,,54770.88,20879.88,17492.88,3387.00,33891.00,83.8,31.9
output_P6429_2024_12.pdf,"KAYU MULTIGUNA INDONESIA, PT","Kabupaten/Kota Surabaya, Provinsi Jawa Timur",2024,Desember,XVI,iphhk_lain_olahan_setengah_jadi,IPHHK Lain (Other Timber Processors),1,"KARYA MEGAH INDOWOOD, PT",Jawa Tengah,50.00,Yes,high,Valid,FSC-C002863,,,,,54770.88,20879.88,17492.88,3387.00,33891.00,83.8,31.9
output_P6429_2024_12.pdf,"KAYU MULTIGUNA INDONESIA, PT","Kabupaten/Kota Surabaya, Provinsi Jawa Timur",2024,Desember,XVI,iphhk_lain_olahan_setengah_jadi,IPHHK Lain (Other Timber Processors),2,"MUSTIKA BUANA SEJAHTERA, PT.",Jawa Timur,30.00,Yes,high,Valid,FSC-C002863,,,,,54770.88,20879.88,17492.88,3387.00,33891.00,83.8,31.9
output_P6429_2024_12.pdf,"KAYU MULTIGUNA INDONESIA, PT","Kabupaten/Kota Surabaya, Provinsi Jawa Timur",2024,Desember,XVI,iphhk_lain_olahan_setengah_jadi,IPHHK Lain (Other Timber Processors),3,"PRIMA SEJAHTERA INTERNATIONAL, PT",Jawa Timur,127.06,Yes,high,Valid,FSC-C002863,,,,,54770.88,20879.88,17492.88,3387.00,33891.00,83.8,31.9
output_P6429_2024_12.pdf,"KAYU MULTIGUNA INDONESIA, PT","Kabupaten/Kota Surabaya, Provinsi Jawa Timur",2024,Desember,XVI,iphhk_lain_olahan_setengah_jadi,IPHHK Lain (Other Timber Processors),4,"RIMBA JEMBRANA PERKASA, PT",Bali,4394.94,Yes,high,Valid,FSC-C002863,,,,,54770.88,20879.88,17492.88,3387.00,33891.00,83.8,31.9
output_P6429_2024_12.pdf,"KAYU MULTIGUNA INDONESIA, PT","Kabupaten/Kota Surabaya, Provinsi Jawa Timur",2024,Desember,XVII,area_penyiapan_ht,Area Penyiapan Lahan HT (Plantation Land Preparation),1,"AGRO BORNEO LESTARI, PT (LC Penyiapan Lahan HTI)",Kalimantan Tengah,154.00,Yes,high,Valid,FSC-C002863,No,,,,54770.88,20879.88,17492.88,3387.00,33891.00,83.8,31.9
output_P6429_2024_12.pdf,"KAYU MULTIGUNA INDONESIA, PT","Kabupaten/Kota Surabaya, Provinsi Jawa Timur",2024,Desember,XVII,area_penyiapan_ht,Area Penyiapan Lahan HT (Plantation Land Preparation),2,"INDUSTRIAL FOREST PLANTATION, PT {LC Penyiapan HTI)",Kalimantan Tengah,483.73,Yes,high,Valid,FSC-C002863,No,,,,54770.88,20879.88,17492.88,3387.00,33891.00,83.8,31.9
output_P7316_2024_12.pdf,"SETIA INDO PUTRA, PT","Kabupaten/Kota Semarang, Provinsi Jawa Tengah",2024,Desember,II,iuphhk_hutan_alam,IUPHHK Pada Hutan Alam (Natural Forest Concession),1,"GAUNG SATYA GRAHA, PT",Kalimantan Tengah,15224.47,Yes,high,Valid,FSC-C202067,No,,,,52726.66,32716.14,1593.95,31122.19,20010.52,4.9,3.0
output_P7316_2024_12.pdf,"SETIA INDO PUTRA, PT","Kabupaten/Kota Semarang, Provinsi Jawa Tengah",2024,Desember,II,iuphhk_hutan_alam,IUPHHK Pada Hutan Alam (Natural Forest Concession),2,"KAYU TRIBUANA RAMA, PT",Kalimantan Tengah,15897.72,Yes,high,Valid,FSC-C202067,No,,,,52726.66,32716.14,1593.95,31122.19,20010.52,4.9,3.0
output_P7316_2024_12.pdf,"SETIA INDO PUTRA, PT","Kabupaten/Kota Semarang, Provinsi Jawa Tengah",2024,Desember,II,iuphhk_hutan_alam,IUPHHK Pada Hutan Alam (Natural Forest Concession),3,"SUKA JAYA MAKMUR, PT",Kalimantan Barat,1593.95,Yes,high,Valid,FSC-C202067,Yes,high,Valid,FSC-C102305,52726.66,32716.14,1593.95,31122.19,20010.52,4.9,3.0
output_P7316_2024_12.pdf,"SETIA INDO PUTRA, PT","Kabupaten/Kota Semarang, Provinsi Jawa Tengah",2024,Desember,XVI,iphhk_lain_kayu_bulat,IPHHK Lain (Other Timber Processors),1,"ERNA DJULIAWATI, PT. (IPHHK)",Kalimantan Barat,20010.52,Yes,high,Valid,FSC-C202067,,,,,52726.66,32716.14,1593.95,31122.19,20010.52,4.9,3.0
output_P7908_2024_12.pdf,"JIUDA SENLIN INDONESIA, PT","Kabupaten/Kota Demak, Provinsi Jawa Tengah",2024,Desember,XV,tptkb,TPTKB/TPKRT/Pengumpul Limbah (Collection Points/Mill Waste),1,"AGUNG KHARISMA JAYA ABADI, PT - Surabaya",Jawa Timur,26530.00,No,,,,,,,,44402.68,0.00,0.00,0.00,44402.68,,0.0
output_P7908_2024_12.pdf,"JIUDA SENLIN INDONESIA, PT","Kabupaten/Kota Demak, Provinsi Jawa Tengah",2024,Desember,XV,tptkb,TPTKB/TPKRT/Pengumpul Limbah (Collection Points/Mill Waste),2,"KARYA MEGAH INDOWOOD, PT (TPTKB di Demak)",Jawa Tengah,170.00,No,,,,,,,,44402.68,0.00,0.00,0.00,44402.68,,0.0
output_P7908_2024_12.pdf,"JIUDA SENLIN INDONESIA, PT","Kabupaten/Kota Demak, Provinsi Jawa Tengah",2024,Desember,XV,tptkb,TPTKB/TPKRT/Pengumpul Limbah (Collection Points/Mill Waste),3,"MULTI ANUGERAH BERSAMA, PT",Jawa Timur,13202.68,No,,,,,,,,44402.68,0.00,0.00,0.00,44402.68,,0.0
output_P7908_2024_12.pdf,"JIUDA SENLIN INDONESIA, PT","Kabupaten/Kota Demak, Provinsi Jawa Tengah",2024,Desember,XVI,iphhk_lain_kayu_bulat,IPHHK Lain (Other Timber Processors),1,"AGUNG KHARISMA JAYA ABADI, PT",Jawa Timur,1100.00,No,,,,,,,,44402.68,0.00,0.00,0.00,44402.68,,0.0
output_P7908_2024_12.pdf,"JIUDA SENLIN INDONESIA, PT","Kabupaten/Kota Demak, Provinsi Jawa Tengah",2024,Desember,XVI,iphhk_lain_kayu_bulat,IPHHK Lain (Other Timber Processors),2,"CIPTA WIJAYA MANDIRI, PT.",Jawa Tengah,3400.00,No,,,,,,,,44402.68,0.00,0.00,0.00,44402.68,,0.0
output_P7919_2024_12.pdf,"KARYA SUKSES MANDIRI, CV","Kabupaten/Kota Gresik, Provinsi Jawa Timur",2024,Desember,II,iuphhk_hutan_alam,IUPHHK Pada Hutan Alam (Natural Forest Concession),1,"SILVA SELARAS UTAMA, PT",Kalimantan Timur,60.20,No (low match),low,Valid,FSC-C200035,No,,,,4483.54,1225.77,0.00,1225.77,3257.77,0.0,0.0
output_P7919_2024_12.pdf,"KARYA SUKSES MANDIRI, CV","Kabupaten/Kota Gresik, Provinsi Jawa Timur",2024,Desember,X,ils_ipk,Izin Lainnya (ILS/IPK - Other Permits),1,"BINA SARANA SAWIT UTAMA, PT (PKKNK)",Kalimantan Tengah,156.51,No (low match),low,Valid,FSC-C200035,No,,,,4483.54,1225.77,0.00,1225.77,3257.77,0.0,0.0
output_P7919_2024_12.pdf,"KARYA SUKSES MANDIRI, CV","Kabupaten/Kota Gresik, Provinsi Jawa Timur",2024,Desember,XV,tptkb,TPTKB/TPKRT/Pengumpul Limbah (Collection Points/Mill Waste),1,"ALMENTA, CV (TPT-KB di Gresik)",Jawa Timur,801.67,No (low match),low,Valid,FSC-C200035,,,,,4483.54,1225.77,0.00,1225.77,3257.77,0.0,0.0
output_P7919_2024_12.pdf,"KARYA SUKSES MANDIRI, CV","Kabupaten/Kota Gresik, Provinsi Jawa Timur",2024,Desember,XV,tptkb,TPTKB/TPKRT/Pengumpul Limbah (Collection Points/Mill Waste),2,"ANUGERAH REJEKI BERSAMA, CV",Jawa Timur,13.46,No (low match),low,Valid,FSC-C200035,,,,,4483.54,1225.77,0.00,1225.77,3257.77,0.0,0.0
output_P7919_2024_12.pdf,"KARYA SUKSES MANDIRI, CV","Kabupaten/Kota Gresik, Provinsi Jawa Timur",2024,Desember,XV,tptkb,TPTKB/TPKRT/Pengumpul Limbah (Collection Points/Mill Waste),3,"BANGUN SUMBER BERKAT, PT",Jawa Timur,972.20,No (low match),low,Valid,FSC-C200035,,,,,4483.54,1225.77,0.00,1225.77,3257.77,0.0,0.0
output_P7919_2024_12.pdf,"KARYA SUKSES MANDIRI, CV","Kabupaten/Kota Gresik, Provinsi Jawa Timur",2024,Desember,XV,tptkb,TPTKB/TPKRT/Pengumpul Limbah (Collection Points/Mill Waste),4,"MULTI ANUGERAH BERSAMA, PT",Jawa Timur,56.55,No (low match),low,Valid,FSC-C200035,,,,,4483.54,1225.77,0.00,1225.77,3257.77,0.0,0.0
output_P7919_2024_12.pdf,"KARYA SUKSES MANDIRI, CV","Kabupaten/Kota Gresik, Provinsi Jawa Timur",2024,Desember,XVI,iphhk_lain_kayu_bulat,IPHHK Lain (Other Timber Processors),1,"AGUNG KHARISMA JAYA ABADI, PT",Jawa Timur,184.49,No (low match),low,Valid,FSC-C200035,,,,,4483.54,1225.77,0.00,1225.77,3257.77,0.0,0.0
output_P7919_2024_12.pdf,"KARYA SUKSES MANDIRI, CV","Kabupaten/Kota Gresik, Provinsi Jawa Timur",2024,Desember,XVI,iphhk_lain_kayu_bulat,IPHHK Lain (Other Timber Processors),2,"ALAM BERSAMA KITA, PT",Jawa Timur,1042.69,No (low match),low,Valid,FSC-C200035,,,,,4483.54,1225.77,0.00,1225.77,3257.77,0.0,0.0
output_P7919_2024_12.pdf,"KARYA SUKSES MANDIRI, CV","Kabupaten/Kota Gresik, Provinsi Jawa Timur",2024,Desember,XVI,iphhk_lain_kayu_bulat,IPHHK Lain (Other Timber Processors),3,"CAHAYA NIAGA CITRA PERSADA, PT",Jawa Timur,45.87,No (low match),low,Valid,FSC-C200035,,,,,4483.54,1225.77,0.00,1225.77,3257.77,0.0,0.0
output_P7919_2024_12.pdf,"KARYA SUKSES MANDIRI, CV","Kabupaten/Kota Gresik, Provinsi Jawa Timur",2024,Desember,XVI,iphhk_lain_kayu_bulat,IPHHK Lain (Other Timber Processors),4,"JASA MULIA ABADI RAYA, PT",Jawa Timur,112.12,No (low match),low,Valid,FSC-C200035,,,,,4483.54,1225.77,0.00,1225.77,3257.77,0.0,0.0
output_P7919_2024_12.pdf,"KARYA SUKSES MANDIRI, CV","Kabupaten/Kota Gresik, Provinsi Jawa Timur",2024,Desember,XVI,iphhk_lain_kayu_bulat,IPHHK Lain (Other Timber Processors),5,"KAYAN JAYA TANJUNG, PT.",Jawa Timur,9.40,No (low match),low,Valid,FSC-C200035,,,,,4483.54,1225.77,0.00,1225.77,3257.77,0.0,0.0
output_P7919_2024_12.pdf,"KARYA SUKSES MANDIRI, CV","Kabupaten/Kota Gresik, Provinsi Jawa Timur",2024,Desember,XVI,iphhk_lain_kayu_bulat,IPHHK Lain (Other Timber Processors),6,"SURABAYA TRADING AND CO, CV",Jawa Timur,19.32,No (low match),low,Valid,FSC-C200035,,,,,4483.54,1225.77,0.00,1225.77,3257.77,0.0,0.0
output_P7919_2024_12.pdf,"KARYA SUKSES MANDIRI, CV","Kabupaten/Kota Gresik, Provinsi Jawa Timur",2024,Desember,XVII,area_penyiapan_ht,Area Penyiapan Lahan HT (Plantation Land Preparation),1,"PANAMBANGAN, PT (THPB - LOA)",Kalimantan Timur,1009.06,No (low match),low,Valid,FSC-C200035,No,,,,4483.54,1225.77,0.00,1225.77,3257.77,0.0,0.0
